ID,label,tanggal,judul,narasi,nama file gambar
71,1,17-Aug-20,Pemakaian Masker Menyebabkan Penyakit Legionnaires,A caller to a radio talk show recently shared that his wife was hospitalized n told she had COVID n only a couple of days left to live . A doctor friend suggested she be tested for legionnaires disease because she wore the same mask every day all day long . Turns out it WAS legionnaires disease from the moisture n bacteria in her mask . She was given antibiotics n within two days was better . WHAT IF these ‚Äòspikes‚Äô in COVID are really something else due to ‚Äòmask induced infections‚Äô .??ü§îü§îü§î,71.jpg
461,1,17-Jul-20,Instruksi Gubernur Jateng tentang penilangan  bagi yg tidak bermasker di muka umum Rp.150.000 menggunakan e-tilang Via apps PIKOBAR,Yth.Seluruh Anggota Grup Sesuai Instruksi Gubernur Jawa Tengah Hasil Rapat Tim Gugus Tugas Covid 19 Jateng sbb:,461.png
495,1,13-Jul-20,Foto Jim Rohn: Jokowi adalah presiden terbaik dlm sejarah bangsa Indonesia,"Jokowi adalah presiden terbaik dlm sejarah bangsa Indonesia. Jim Rohn, motivator terbaik dunia",495.png
550,1,8-Jul-20,"ini bukan politik, tapi kenyataan Pak Jokowi berhasil memulangkan 11,000 Triliun uang negara dari Swiss.","Maaf Mas2 dan Mbak2, ini bukan politik, tapi kenyataan Pak Jokowi berhasil memulangkan 11,000 Triliun uang negara dari Swiss. 11ribu Triliun siap di bawa balik ke Indonesia.RUU Treaty on Mutual Legal Assistance in Criminal Matters between the Republic of Indonesia and The Swiss Confederation (MLA RI-Swiss) resmi disahkan DPR RI tanggal 3 juli 2020. Dengan demikian proses konstitusi menarik dana di Swiss sudah selesai. Perjuangan yang panjang menghadapi ex koruptor yang bersenggama dengan agama. Terimakasih para kadrun yang terus nyinyirian kapan uang 11.000 triliun kembali ke Indonesia. Tanpa anda nyinyir, rasanya sulit RUU itu bisa disahkan oleh DPR. Pemilik 84 rekening gendut siap siap gigit jari . Mungkin tekanan ke Pak Jokowi makin kencang. ini baca beritanya",550.png
681,1,24-Jun-20,Foto Kadrun kalo lihat foto ini panas dingin,Kadrun kalo lihat foto ini panas dingin . .,681.jpg
736,1,17-Jun-20,event promo smartphone JNE 2020 spesial di bulan juni,"selamat siang teman teman fb ku semuanyaü§©,cuman mau memberi informasi dan rezeky gak kemana yaüòä, kemarin saya mengikuti event promo smartphone JNE 2020 spesial di bulan juni ini dan saya mesan smartphone VIVO V15 PRO cuman seharga Rp.900.000-,gak nyangka cuma seharga Rp.900.000 aku bisa mendapat hp VIVO V15 PRO üòç,bagi teman teman fb ku yg penasaran atau mau ikutan INBOX AJA WA ADMINNYA 0823-7142-9***",736.png
1161,1,5-May-20,MEREKA SUDAH MEMPERSIAPKAN DIRI DENGAN BAIK UNTUK MENGUASAI NEGRI INI!,LIHATLAH MEREKA SUDAH MEMPERSIAPKAN DIRI DENGAN BAIK UNTUK MENGUASAI NEGRI INI!,1161.png
1597,1,24-Mar-20,Foto Presiden Italia menangis karena tak cukup lahan untuk mengubur 700an korban corona per hari,Italia punya fasilitas perawatan kesehatan tercanggih tapi semuanya gagal mengendalikan corona karena awalnya itu hanya dianggap sekadar lelucon dan sekarang presiden mereka menangis karena tak cukup lahan untuk mengubur 700an korban corona per hari (mungkin hari ini sudah lebih dari 700).,1597.png
2098,1,9-Jan-20,"Kapolres Timor Tengah Utara , Nusa Tenggara Timur  Beri Klarifikasi Terkait Video Polisi Diamkan Korban Kecelakaan",Polisi goblok. Bukanya cpet‚Äù d tolongin malah d liati aja,2098.jpg
2226,1,24-Dec-19,Video Polisi china telah menganiaya wanita uighur lehernya di cekik pake kaki,"Polisi china telah menganiaya wanita uighur lehernya di cekik pake kaki ,melek tu yg bilang tidak ada penganiayaan Dan Ham diam seribu bahasa ‚Ä¶ Seolah‚Äù polisi itu berkata liat nanti giliran anda sama orang di sekitarnya biadab",2226.png
2588,1,13-Oct-19,"Akhirnya, Jokowi bersedia mengundurkan diri","Akhirnya, Jokowi bersedia mengundurkan diri.
 Gue harus siap2 nih",2588.png
2875,1,26-Aug-19,Info Jalur Rawan Begal dan Himbauan Untuk Tidak Keluar Malam Oleh Kapolres Cianjur,"Begal sudah mulai merambat ke wilayah CIANJUR‚Ä¶!!!
 Wilayah rewan begal antara lain, d harapkan waspada penuh terutama d malam hari‚Ä¶
 01. jalur gekbrong arah sukabmi‚Ä¶
 02. Cibeber dari arah campaka sampe
 cilaku.",2875.jpg
2987,1,29-Jul-19,Dirut PT Agung Podomoro Land Cosmas Batubara Meninggal Dunia,"Turut berduka cita atas
 meninggalnya Pejuang Angkatan 66 Bapak Cosmas Batubara hari Sabtu 27 Juli 2019 pukul 15.00 WIB. Semoga Yang Maha Kuasa mengampuni segala dosanya dan mendapat tempat yang layak disisi Nya.. Aamiin.",2987.png
3571,1,20-Apr-19,SBY Sudah Telepon Moeldoko Suruh Jokowi Akui Kekalahan,"Bantu sebar ya
Pak SBY sudah telpon Moeldoko, suruh JKW akui kekalahan. Ini info dari seorang jenderal‚Ä¶ Jadi gak usah pada gusar & panik lagi ya pejuang-pejuang 02
INFO VALID",3571.png
3862,1,2-Mar-19,Foto Anak Rohingya Disiksa Komunis,Relakah anak cucu kita dibikin seperti anak2 rohingya ini ketika Komunis berkuasa‚Ä¶???,3862.jpg
4081,1,25-Jan-19,orang Cina punya KTP Cilacap atas nama Karsono,"Ini kejadian di PLN PLTU Cilacap Bunton Adipala, orang Cina tidak bisa berbahasa Indonesia apalagi bahasa jawa Banyumasan tp punya KTP Cilacap atas nama Karsono, payah kie Camat dan Bupatine
Kalau bener2 terjadi‚Ä¶üò≠üò≠üò≠",4081.png
5836,1,14-Apr-18,Fadli Zon : Semua Warga Indonesia Yang Tidak Pilih Prabowo Di Pilpres 2019 Akan Kami Usir Dari Indonesia,Fadlizon: Semua warga Indonesia yg tdk pilih Prabowo di Pilpres 2019 akan km usir dr Indonesia. Serius ini si Zonk?! https://t.co/jVjxC0jhmp,5836.png
5994,1,14-Mar-18,Pesan Berantai Undian Berhadiah Dari Kementerian Tenaga Kerja Untuk Pekerja Migran Indonesia  di Hongkong,"INFORMASI RESMI DARI DEPNAKER REPUBLIK INDONESIA !!!!!
 Selamat Anda Terpilih Mendapatkan PENGHARGAAN sebesar NT $. 350.000 dari DEPARTEMEN KETENAGA KERJAAN INDONESIA. Sebagai Pahlawan Devisa Negara terbaik Tahun 2017-2018. Kode registrasi TWN37589
 Hubungi Call office:
 +62853-9313-1245
 A/n HARYONO
 Atau kunjungi Alamat Website:
 www.DEPNAKER.yolasite.com
 1. Bagi anda penerimah pemberitahuan ini melalui Telephone atau Sms Whatsapp. Berarti telah resmi mendapatkan penghargaan tersebut tanpa diundi lagi.
 2. Penghargaan Depnaker Bebas Biaya dan telah mendapat sertifikat Bebas pajak dari pemerintah Republik Indonesia.
 3. Pengurusan Penghargaan telah mendapat Pengawasan dari Kepolisian Negara Republik Indonesia dumaksudkan untuk menghindari hal-hal Negatif.
 Peringatan:
 HATI HATI PENIPUAN BILA DALAM PENGURUSAN ANDA DIMINTAI BIAYA, DARI OKNUM OKNUM YANG TIDAK BERTANGGUNH JAWAB. TANPA SEPENGETAHUAN DARI PIHAK DEPNAKER RI.
 pengirim:
 Depnaker Ri.
 73538373777",5994.png
6503,1,11-Dec-17,Indonesia di Penuhi PKI,Hahhahhahahhaha indonesia di penuhi pki ‚Ä¶gimanah nih pa kowi‚Ä¶..,6503.jpg
6775,0,25-Oct-17,Sandi Sarankan Warga Ngadu ke Kelurahan Saja,Astaga! Sandiaga Sarankan Warga Ngadu ke Kelurahan Saja Tak Perlu ke Balai Kota¬†,6775.jpg
6836,1,12-Oct-17,Demo dan Konflik antara Ojek Online dengan Angkutan Umum di Bandung,"Prediksi Besok Bandung kota. Besok Di sinyalir ada Dua Kubu besar 1.Demo lg besar‚Äùan 2.Ojek Online gabungan Mau Kumpul Minta Tggung jawab ke kubu Angkot Gabungan, Soalnya Di jl.bkr Grab ojek Di Tabrak Sngaja sampe Mati, Di buah batu grab Mati Jg Di Tabrak Angkot, Di karapitan Grab jg Di Gebukin Angkot, Ada jg ojek online Yg Hilang Ga ada kabar.....",6836.jpg
7038,0,13-Jul-17,"Irina, Istri Ahli IT Hermansyah disebut Mantan PSK","Irina, Istri Ahli IT Hermansyah disebut Mantan PSK",7038.jpg
7214,0,8-Mar-17,"Nezar Patria adalah Kader PKI, Ikut Rapat Setiap Malam di Istana Setelah Jam 8 Malam, Demikian Tuduhan dari Alfian Tandjung","Nezar Patria adalah Kader PKI, Ikut Rapat Setiap Malam di Istana Setelah Jam 8 Malam, Demikian Tuduhan dari Alfian Tandjung",7214.jpg
7914,1,13-Jul-16,: Hati -hati Panggilan Telpon Nomor Tidak Dikenal !!,Hati -hati Panggilan Telpon Nomor Tidak Dikenal !!,7914.jpg
8176,1,15-Sep-15,Larangan anti-miras di Minimarket ditiadakan oleh rezim Jokowi paska Gobel,"Pada 16 April lalu, Menteri Perdagangan Rachmat Gobel memberlakukan kebijakan larangan penjualan minuman beralkohol alias minuman keras di minimarket seluruh Indonesia. Namun, larangan yang tertuang dalam Peraturan Menteri Perdagangan (Permendag) Nomor 06/M-DAG/PER/1/2015 tentang Pengendalian dan Pengawasan terhadap Pengadaan, Peredaran, dan Penjualan Minuman Beralkohol itu kini akan diubah.",8176.jpg
8330,1,11-Aug-20,Corona adalah hoaks,CORONA IS A HOAX,8330.jpg
8508,1,28-Jul-20,Kapal Kargo Pengangkut Kadrun tenggelam di Laut China Selatan,"Kapal Kargo dari Indonesia tujuan ke China dilaporkan tenggelam di Laut China Selatan pada Sabtu malam pukul 22:00 waktu setempat akibat kebocoran lambung Kapal. Kapal tersebut mengangkut Kadrun tujuan China dengan tujuan sebagai objek percobaan Vaksin Covid-19, dimana harga monyet di China sangat mahal sementara harga Kadrun bisa 10 kali lebih murah dari harga monyet. Sampai saat ini masih dalam penyelidikan Otoritas Tiongkok mengenai sebab kecelakaan fatal tersebut.",8508.png
8624,1,20-Jul-20,Foto Gubernur Anies sedang Makan dengan Sekumpulan Orang Jawa Tulen,"Terlihat sekumpulan orang Jawa tulen yang sedang menyantap kuliner khas Jawa, berupa nasi samin, kebab, buaya panggang, dan minumannya tentu fifis onta segar.. Percakapan dari mereka pun memakai bahasa Jawa halus alias kromo inggil pula..Seperti, ana, akhi, antum, afwan, dan lain lain.. Hmmm, sungguh mengagumkan sekali bukan? Nb : Seng wani protes PKI.. Opo kowe Bong? ,",8624.jpg
8636,1,19-Jul-20,Mulan Jameela Undur Diri dari DPR RI,Nah Mundur lebih terhormat daripada di pecat !! Hayo yang lain Monggo mengundurkan diri saja kalau merasa tidak sanggup dan tidak becus kerjanya ..!!!,8636.jpg
8873,1,24-Jun-20,"Video FKPPI dari Bandung sudah berkumpul di Monas, siap siaga apabila RUU HIP di-syahkan oleh DPR","*FKPPI dari Bandung sudah berkumpul di Monas, siap siaga segala kemungkinan terjadi apabila RUU HIP di-syahkan oleh DPR.* *Revolusi jihad mati syahid atau hidup mulia, bela negara dari ancaman Komunisme..!*‚Äù",8873.png
8983,1,11-Jun-20,30 Pembantu Baru Positif Corona di Penjaringan,Pembantu yang baru datang 30 Orang di tes semuanya positif Corona,8983.jpg
9226,1,14-May-20,Foto SUDJIATMI DISIKSA DI ALAM BARZAKH,"SUDJIATMI DISIKSA DI ALAM BARZAKH Hj. Sudjiatmi ( Ibu Presiden Jokowi) Tersiksa di alam kubur secara sadis, secara brutal dan sangat kejam. Tanpa ampunan. Disaat tgl. 25 april 2020 bulan lalu Jenazah H. Sudjiatmi di semayamkan ke alam kubur, entah tiba2 hanya seorang yang belum beranjak dari makamnya. Beliau ternyata Presiden Joko Widodo.",9226.png
9299,1,9-May-20,Berdamai dengan Corona yang Dimaksud Jokowi adalah Pemerintah Telah Kalah dan Menyerah,"ASTAGHFIRULLAH, KEMARIN ‚ÄúBERSAMA KITA LAWAN VIRUS CORONA‚Äù SEKARANG ‚ÄúAYO KITA BERDAMAI DNGN VIRUS CORONA‚Äù ARTINYA PEMERINTAH TELAH KALAH DAN MENGIBARKAN BENDERA PUTIH TANDA MENYERAH.‚Äù",9299.jpg
9522,1,20-Apr-20,Penerima Stiker pada Pesan Whatsapp Dikenakan Sejumlah Biaya,"Tahukah teman2 ku di group ini‚Ä¶ Kenapa menggunakan stiker, menguntungkan pembuat nya,, Setiap stiker atau gambar yg saudaraku krmkan di wa ini pembayarannya dibebankan kpd yg menerima Rp.250,-.",9522.png
9963,1,12-Mar-20,Foto  Mahfud MD Mengaku Mirip Ashraf Ingin Nikahi BCL,Mengaku Mirip Ashraf Pria ini Ingin Nikahi BCL,9963.png
10015,1,1-Mar-20,"Telah diculik Umur anak 5 bulan, Kejadian d Angkot lebak bulus parung Ibunda si bayi dihipnotis","Telah diculik Keponakan Dari ibu yulianah
 Umur anak 5 bulan
 Jenis kelamin perempuan
 Kejadian d Angkot lebak bulus parung
 Ibunda si bayi dihipnotis d Angkot, Diturunkan di pondok cabe oleh pelaku.penculikan
 Kejadian Hari sabtu 29feb 2020 sekitar jam 16.00",10015.png
10122,1,12-Feb-20,Virus Corona Sudah Sampai di Apartemen Taman Anggrek,"Dapet Info dari Client, Virus Corona udah sampe sini. di Apartement TA udah ada org wuhan yg kena tp management tutup2i. Supaya mall bs beroperasi dan mrk ga rugi. barusan bgt dpt info dr client saya yg suaminya org cina, mrk ada komunitas org cina di indo dan mrk kasih tau utk jauhi apartement TA dan sekitarnya",10122.jpg
10150,1,6-Feb-20,Presiden Cina Xi Jinping Mengunjungi Masjid dan Meminta Umat Islam Berdoa Untuk Negeri yang Sedang Dilanda Krisis,Presiden Cina xi jinping mengunjungi masjid dan meminta umat Islam untuk berdoa di negara yang sedang dilanda krisis ini. Kami membutuhkan bantuan Anda.,10150.jpg
10288,1,10-Jan-20,Pesan Berantai Biaya Tilang Baru,"BIAYA tilang terbaru di indonesia: Kapolri baru mantap
 
 1. Tidak ada STNK
 
 Rp. 50,000
 
 2. Tdk bawa SIM
 
 Rp. 25,000
 
 3. Tdk pakai Helm
 
 Rp. 25,000",10288.jpg
10377,1,30-Dec-19,Video Jokowi Mulai Pucat SBY Ungkap Pelaku Korupsi,‚ÄòJOKOWI MULAI PUC4T‚Äô SBY UNGK4P P3L4KU K0rup51 Jiwasraya Diduga Orang Belakang JOKOW1 (HEBOH),10377.jpg
10439,1,20-Dec-19,All Jakarta Water Park,PERKENALKAN: ALL JAKARTA WATER PARK,10439.png
10542,1,3-Dec-19,Pergantian Kartu Keluarga Warga DKI Jakarta,"Dinas Dukcapil Jakarta tidak mewajibkan warga Jakarta mengganti KK lamanya dengan tenggat waktu. Imbauan untuk segera memutakhirkan data memang terus didorong pemerintah, terutama input data status pernikahan, golongan darah, dan susunan anggota keluarga.",10542.png
10580,1,27-Nov-19,usus ibunya dimakan oleh Bayi ini,"Bayi ini 11 bln dlm perut ibunya.
 Habis usus ibunya dimakan oleh Bayi ini, kemudian dokter mengoprasi ibunya untuk mengeluarkan Bayi ini‚Ä¶ Ketika Bayi ini keluar, dia gigit tangan perawat‚Ä¶ Setelah 3 jam si Perawat meninggal, IBU Bayi ini pun meninggal setelah Bayi ini keluar‚Ä¶ Bayi ini lahir dgn berat 8 kg, setelah 3 jam bertambah naik beratnya menjadi 13 kg‚Ä¶ Bayi ini lahir hari jumat, tidak tahu Allah ingin kasi peringatan apa untuk kita semua‚Ä¶ Bayi ni kemudian dibunuh, dokter memberinya suntik mematikan sampai 17 kali baru bayi ini mati‚Ä¶ Ini kisah benar-benar terjadi di India‚Ä¶ Wallahu A‚Äôlam",10580.png
10772,1,15-Oct-19,Foto awan mengerikan di Jepang,"Ngeri si, semoga tmn2 yg ada disana selamat amin yrb #PrayForJapan",10772.png
10927,1,19-Sep-19,Narasi Presiden Korea Utara menghukum pejabatnya yang korupsi,"Presiden Korea Utara menghukum pejabatnya yang terlibat dalam kasus korupsi dihadapan para awak media cetak dan elektronik.
 
 Caranya ?
 Berrjalan bergandengan tangan lalu‚Ä¶
 Plung ! Dibawahnya kandang BUAYA‚Ä¶‚Ä¶!!! Luaaaar biasaaa‚Ä¶!!!",10927.png
10963,1,14-Sep-19,Almarhum Habibie di Formasi Jas Merah Mob UMM,"Adapun formasi tersebut adalah merah-putih, KH Ahmad Dahlan, Logo UMM, Students Today, Leaders Tomorrow, Peta Indonesia, dan Pray for Lombok.",10963.png
11139,1,9-Aug-19,Petugas Tewas Tersetrum Ketika Melakukan Perbaikan Listrik,KECAMATAN PEDURUNGAN,11139.png
11725,1,23-Apr-19,TV Luar Negeri Sudah Memberitakan Prabowo The Next Presiden,TV Luar Negeri Sudah Memberitakan Prabowo The Next Presiden,11725.png
11785,1,16-Apr-19,Ketua KPU Umroh Bareng Jokowi,"ANEH !! MENJELANG HARI H PEMILU KOQ BISA2NYA KETUA KPU UMROH BARENG JOKOWI ??? PADAHAL BANYAK MASALAH DI KPU SAAT INI TERUTAMA DI KPLN.
BUKANKAH INI PELANGGARAN ???",11785.png
12104,1,21-Feb-19,Tiket Promo Kereta Api Hut BUMN 21,"jalan2 naik kereta yuuuuk
 
 Hayo jalan2‚Ä¶ Tiket KA Promo‚Ä¶",12104.jpg
12496,1,25-Dec-18,Simulasi orang Gila di bawa ke TPS saat pemilu nanti,Simulasi orang Gila di bawa ke TPS saat pemilu nanti.Pertama terjadi Di Dunia.!,12496.png
12530,1,18-Dec-18,BROADCAST WHATSAPP INFO TEST SELEKSI GTT/PTT,"Tabe.. Siapa tahu ada keluargata yg guru SMA, ini ada info",12530.png
12594,1,3-Dec-18,Puan Maharani Buka Posko Logistik di Reuni 212,"INFO. BUAT ALUMNI 212 HARAP HINDARI POSKO 14 DI MONAS, POSKO 14 MILIK PUAN MAHARANI YANG MENUJU KE ISTIQLAL. SEBARKAN AGAR JAMA‚ÄôAH YANG LAIN TAU",12594.png
12975,1,02-Okt-18,Penerbangan Pesawat Hercules Gratis Ke Palu Untuk Keluarga Korban Gempa dan Tsunami,Jadwal Hercules malam ini jam 19.00 dan 03.00 subuh besok. Di Lanud Makassar.,12975.jpg
13209,1,29-Agu-18,Capt. Pribadi adalah pengemudi pesawat yang mengijinkan Hj. Neno Warisman,"‚Äú‚Ä¶ Capt. Pribadi adalah pengemudi pesawat yang mengijinkan Hj. Neno Warisman, sang dedengkot gerakan makar #2019GantiKhilafah untuk menggunakan sistem pengeras suara pesawat beberapa waktu lalu ‚Ä¶‚Äù",13209.jpg
13483,0,17-Jul-18,"Coach Indra Sjafri: Saya Pernah 1 Tahun Tak Digaji, tapi Ikhlas",Kendati sukses mengantarkan Timnas Indonesia U-19 juara Piala AFF U-19 2013 dan lolos ke putaran final Piala Asia U-19 2014,13483.png
13732,1,30-May-18,Dua Alquran Yang diklaim Sebagai Al-Quran Palsu Kembali Beredar,ini alqur‚Äôan palsu karang orang kafir,13732.png
13873,1,5-May-18,Yel-yel Kecebong Yang Merencanakan Untuk Menyusup di CFD,"Ane sebarin deh videonya. Nih liat yel-yel kecebong yg merencanakan untuk menyusup di CFD untuk menghancurkan HASTAG #2019GantiPresiden.
 Cc. @BangPino_ @NetizenTofa @zarazettirazr @roninkhalid @Ndoro__Putrie @RestyCayah @ardi_riau
 ‚Äú‚Ä¶.DAN ALLAH SEBAIK-BAIK PEMBALAS TIPU DAYA‚Äù",13873.png
13907,0,28-Apr-18,Kronologis Polisi Berondong Sedan Terobos Razia di Lubuklinggau,"Innalillah‚Ä¶ Hanya Karena Lalai Terobos Razia, Mobil Berisi Satu Keluarga Ditembaki Polisi, Satu Orang Tewas",13907.png
13931,0,26-Apr-18,Kemristekdikti: bukan undang dosen asing tapi profesor kelas dunia,"‚ÄùBukan dosen asing, tapi profesor kelas dunia. Orang Indonesia pun bisa mengikuti program ini, asalkan dia mengajar di universitas di luar negeri dan mempunyai koneksi dengan peraih Nobel,‚Äù kata Direktur Jenderal Sumber Daya Iptek dan Dikti Kemristekdikti Ali Ghufron Mukti di Jakarta, Selasa",13931.png
14179,1,14-Mar-18,"Kecam Pernyataan Said Aqil, Neno Warisman: Kami Para Ibu Tidak Terima!","Kecam Pernyataan Said Aqil, Neno Warisman: Kami Para Ibu Tidak Terima!
 Pernyataan kontroversial Ketua PBNU Said Aqil Siradj yang mengatakan ‚Äúnonton film porno lebih baik daripada dengarkan ceramah radikal karena sambil istighfar‚Äù mendapat kecaman dari pegiat pendidikan anak Neno Warisman. Dia menuliskan kemarahannya dalam tulisan berikut ini:‚Ä¶",14179.png
14482,1,19-Jan-18,Memerangi Allah Of Kung Fu,"‚ÄúPadahal nama tersebut merupakan hasil translate otomatis Google dari game aslinya yang berjudul ‚ÄúGalaxy Fighting, God of Kung Fu‚Äù.",14482.png
14631,1,19-Dec-17,Permen Susu Mengandung Narkoba,"Assalamu‚Äôalaikum‚Ä¶ ini ada informasi dari teman dokter. Anaknya bidan di Banyumas makan permen susu, trus 3 hari gk mau makan, ngefly. Disarankan temen dokter di purbalingga untuk membawa permen tsb ke BNN, ternyata hasilnya positif mengandung narkoba jenis benzodiazepin.",14631.png
15289,1,12-May-17,Konser Anies - Sandi No 3 Menang Telak,#KONSER GUE 3 MENANG TELAK,15289.jpg
15502,1,18-Feb-17,Poster Aksi Damai Bela Islam 5 Yang Mencantumkan Nama dan Foto Gatot Nurmantyo,"Beredarnya poster aksi damai bela Islam 5 menjadi viral di media sosial. Sebab, di dalam poster tersebut terdapat nama dan foto Panglima TNI Jenderal Gatot Nurmantyo",15502.jpg
15563,0,7-Feb-17,Surat C6 Sebagai Syarat Memberikan Hak Pilih Pada Pilkada DKI Jakarta,"Pengumuman penting soal Pilkada DKI 2017. Pemilih Wajib ambil surat C6 on 12 ‚Äì 13 Feb dgn pengurus RT. Apabila sampe 14 Feb surat C6 tidak diambil langsung pemilik, RT akan kembalikan ke KPU & warga DKI yg tidak milik C6 hanya bisa memilih jam 12.00 ‚Äì 13.00 saja! Bawa E-KTP, SuKet + KK asli. Jika lewat dari pk 13.00 Suara Anda Hangus! Tlg Sebarkan! Thank you",15563.jpg
15590,1,30-Jan-17,: Pernyataan Danjen Kopassus Dukung FPI,TNI umumnya WARAS kecuali wereng coklat‚Ä¶kenapa gitu yah ? masa sih sejarah buruk harus terulang kembali‚Ä¶kan serem bgt. DANJEN KOPASSUS :FPI ITU ORMAS TERBESAR DAN SUKA MEMBANTU MEMBERANTAS KEMAHSIATAN. YANG HARUS DIBUBARKAN ORMAS PREMAN YANG SUKA MEMBEKINGI KEMAHSIATAN DAN SUKA BIKIN RESAH MASYARAKAT.,15590.jpg
15839,1,14-Dec-16,Gambar Salib Pada Barang Bantuan Bencana,"hati hati, dan Harus teliti menerima segala bentuk bantuan korban gempa. Kami mendapatkan gambar salib di handuk bantuan yg di edarkan",15839.png
15882,1,5-Dec-16,AKSI 212 DAPAT PENGHARGAAN REKOR DUNIA,Tersebar gambar dua piagam yang menyatakan jika aksi 212 mendapat penghargaan dari REKOR DUNIA,15882.jpg
16682,1,29-Jul-20,Foto Petinggi Kepolisian Mengizinkan Demo Neo PKI,Demo Neo PKI hari ini udah dapat ijin dari Buntelan kentut maaf ralat Dari Petinggi Kepolisian Tinggal tunggu gendering perang ditabuh aja‚Äù,16682.jpg
17142,1,15-Jun-20,Tulisan Mana teriakan Saya Pancasila mu? Oleh Dr Abdul Muti MEd,Mana teriakan ‚ÄúSaya Pancasila mu ?‚Äù Oleh : Dr Abdul Mu‚Äôti Med (Sekum PP Muhamadyah),17142.png
17256,1,2-Jun-20,"Petugas Rapid Test Jarang Mengganti Sarung Tangan, Bisa Tularkan Covid-19 dari Pasien Sebelumnya","Bila tiba-tiba anda/panjenengan terjebak dalam oprasi rapid tes dadakan/ujug ujug datang petugas yang mengharuskan mengikuti rapid tes, maka perlu diperhatikan sarung tangan petugs, kalau sarung tangan yang dipakai hanya itu-itu saja (satu) yang dipakai, tanpa ganti ganti, dimana setelah petugas itu pegang orang/oasien yang rapid tes, kemudian tanpa ganti sarung tangan petugas lalu memegang anda/panjenengan, maka disinilah letak rawannya penularan virus nya, karena kita ngga tau dan petugas pun ngga tau, apakah orang yang dipegang sebelum kita tadi, orang tersebut positif/reaktif atau negatif.. jadi penularan bukan karena kita berada ditempat umum saja, akan tetapi saat rapid tes dilakukan massal",17256.png
17361,1,20-May-20,Video Dokter Bule,"Ini nih dokter bule juga ngomong serupa bahkan ngasih data lebih lengkap & detail. Intinya covid 19 itu biasa aja, nggak mematikan, bisa sembuh sendiri. Mereka juga mengatakan kalau banyak yang meninggal karena penyakit lain tapi dimasukkan ke daftar covid 19 (kirain di sinih aja yang begitu). Lockdown / PSBB justru menimbulkan dampak yang sangat jauh lebih buruk dibanding covid 19.",17361.jpg
17570,1,2-May-20,Vietnam Tidak Ada Korban Meninggal Covid-19 Karena Teh dan Lemon,Kabar gembira dan istimewa.. Vietnam korban covid 19 tidak ada yng mati‚Ä¶Berita super.. obat virus covid 19 sudah tercapai informasi dari negara Vietnam.. virus covid 19 tidak menyebabkan kematian.. ternyata resepnya sangat sederhana tapi sangat ampuh.. hanya 1 teh..2 lemon..minumlah teh panas setelah di campur perasan lemon..dapat segera membunuh virus covid 19..dan dapat sepenuhnya menghilangkan virus covid 19 dari tubuh‚Ä¶2 bahan ini membuat sistem kekebalan tubuh menjadi bersifat basa.. karena ketika malam tiba sistem tubuh menjadi asam.. kemampuan detensif juga akan berkurang.. itulah sebabnya orang Vietnam santai saja dengan menyebarnya virus covid 19‚Ä¶ Di Vietnam rata2 semua orang minum segelas air panas dengan sedikit lemon di malam hari‚Ä¶ Karena telah terbukti membunuh virus covid 19 secara total‚Ä¶ Bagikan resep sakti ini kepada siapapun untuk memburu pahala‚Ä¶ Resep sederhana ini sangat efektif karena tidak akan terinfeksi virus covid 19.. Atas izin Tuhan YME‚Ä¶Selamat mencoba‚Ä¶,17570.jpg
18000,1,23-Mar-20,Ratusan Warga China yang Menetap di Indonesia Menuju Singapura karena Virus Corona,"Ratusan warga china yang Menetap di Indonesia tadi Pagi meninggalkan Indonesia Menuju Singapura karena situasi virus Corona yang menyerang Indonesia Mereka akan Kembali lagi jika situasi Di Indonesia Kembali normal,",18000.png
18087,1,16-Mar-20,Dua orang Terinfeksi Virus Corona Di Parepare,Dua orang Terinfeksi Virus Corona Di Parepare‚Ä¶ Waspada ki semua‚Ä¶ Tidak main main ini,18087.png
18129,1,14-Mar-20,the Simpsons 1993 memprediksi Corona virus dari China,Jangan pernah meremehkan the simpsons‚Ä¶ the Simpsons 1993.. Corona virus dari China..,18129.png
18283,1,18-Feb-20,Setelah Membakar Al-Quran Jari Tangan Pria Ini Menghitam dan Membusuk Mengeluarkan Bau Menjijikan,"Azab yang sangat pedih menimpa seorang warga negara Amerika. Karena merobek-robek dan membakar Al-qur‚Äôan, dia terkena penyakit yang sangat misteri. Semua jari di kedua tangannya melepuh, membusuk, dan menghitam. Selain itu, pada lukanya tersebut juga menimbulkan aroma yang tak sedap.",18283.png
18519,1,5-Jan-20,"Marak Lowongan Kerja Mengatasnamakan Perusahaannya, PT Inalum Minta Masyarakat Waspada","Manajer Humas PT Inalum, Bambang Heru Prayoga: ‚ÄúInformasi selain dari yang kami sebutkan ini maka hal itu dipastikan hoaks atau penipuan. Kami harap tidak ada masyarakat yang terkena penipuan rekrutmen atas nama Inalum,",18519.png
18600,1,26-Dec-19,Cara Cepat Cek Jantung Dengan Air dan Es Batu,"*INGIN MENGETAHUI BAGAIMANA KESEHATAN JANTUNG ANDA?*
 Tes sederhana ini mendeteksi seberapa sehat jantung kita.
 Menjaga jantung agar tetap berfungsi dengan baik sangat penting untuk kehidupan sehat jangka panjang.",18600.png
18997,1,7-Oct-19,Presiden Jokowi Melecehkan Bendera Merah Putih,"coba dilhat baik‚Äù yang melecehkan bendara Indonesia yang mana? tapi nyatanya yang sekarang di tahan di Polda metro yang pegang bendara merah putih di tangan, mohon yang punya kekuatan hukum advokat pengacara atau apa saja minta tolong didampingin anak STM ini kasihan tidak ada yang membelanya.",18997.png
19197,1,3-Sep-19,Suntingan Video Merry Riana Indonesia Bubar?,VIRAL: INDONESIA BUBAR ? INI VIDEO MERRY RIANA YANG ASLI (TONTON SAMPAI HABIS) !!! |,19197.png
19203,1,3-Sep-19,SEMUA YANG BERBAU JAWA DI JAYAPURA HANCUR,Video KEADAAN TERAKHIR jayapura ‚Ä¶mau ke BANDARA saja sampai 3 hari dan dikawal MARINIR DIEVAKUASI ‚Ä¶semua yg berbau JAWA HANCUR !!!,19203.png
19387,0,26-Jul-19,Bahaya Daging Kurban Dibungkus Kresek Hitam,"Yusuf Ridwan mengatakan, kantong plastik kresek berwarna hitam mengandung zat karsinogen dan zat pewarna yang bisa tercampur dengan daging. Akibat kontaminasi zat ini dapat menyebabkan kanker dalam waktu lama.Yusuf Ridwan mengatakan, kantong plastik kresek berwarna hitam mengandung zat karsinogen dan zat pewarna yang bisa tercampur dengan daging. Akibat kontaminasi zat ini dapat menyebabkan kanker dalam waktu lama.",19387.png
19735,1,21-May-19,AM HendroPriyono Meninggal Di Singapura,"INNALILAHIWAINALRAJIUN..
TELAH MATI SEORANG PEMBANTAI RAKYAT HENDROPRAYONO D SINGAPORE‚Ä¶JGN D UCAPI MENINGGAL..KARNA DIA PEMBANTAI MANUSIA",19735.png
20112,0,22-Mar-19,Penjelasan terkait Video Truk Kontainer Bergambar Jokowi-Maruf Amin,Truk semi kontainer Paslon 01 ini kira-kira membawa apa ,20112.png
20370,1,8-Feb-19,Bahaya Semut/Kutu Jepang utk DIABETES.,"INFO : Bahaya Semut/Kutu Jepang utk DIABETES.
Ada sahabat sy (ibu2) di Magelang pengidap Diabetes, kmd dia konsumsi Semut/Kutu Jepang yg katanya bisa mengobati Diabetes, mungkin benar karena Semut itu mengeluarkan insulin.
Tapi hanya dalam waktu SATU TAHUN mengkonsumsi Semut/Kutu Jepang itu, ternyata ususnya terkena bakteri dan rusak, sehingga harus dipotong ususnya.",20370.png
20401,1,6-Feb-19,CNN Indonesia Buat Berita Berjudul SERTIFIKAT GANDA KERJA REZIM JOKOWI,"CNN INDONESIA

SERTIFIKAT GANDA KERJA REZIM JOKOWI
10 November 2018",20401.png
20424,1,3-Feb-19,paham politik gak sih pak?,"Aduh pak, bukan kelemahannya pak Jokowi itu,
anda yang gak mudeng, justru itu yang bikin anda dan kampret makin terlihat bodoh,
paham politik gak sih pak?",20424.png
21327,1,9-Sep-18,Judul Berita Prabowo: Mengaji Tidak Dibutuhkan Dalam Memimpin Negara,"ah Pokoknya apa kata Prabowo laaah‚Ä¶..
 Amin Rais jangan nyinyir yaaaa keh keh keh",21327.jpg
21364,0,4-Sep-18,Universitas Muhammadiyah Kupang Bantah Akan Menginisasi Gerakan #GantiPresiden2019,"Terkait salah satu dosennya menjadi insiator Gerakan #GantiPresiden2019 di Kabupaten Manggarai Barat, Nusa Tenggara Timur (NTT), pihak Universitas Muhammadiyah Kupang (UMK) membantah bahwa kampusnya terlibat dalam gerakan tersebut.",21364.jpg
21547,0,07-Agu-18,PKS dan Gerindra Purwakarta Bantah Pasang Spanduk yang Dinilai Provokatif,Kami Caleg Partai Gerindra dan PKS Menolak Khilafah. Indonesia Damai Menolak Khilafah di Wilayah Purwakarta. Barisan Muda Muslim Purwakarta.,21547.png
21787,1,30-Jun-18,Kalimantan Barat Memanas,"MENANG SONGONG, KALAH NGAMUK!",21787.png
21946,1,25-May-18,"Tersangka Ujaran Kebencian Dosen USU, Himma Dewiyana, Dibebaskan",Terima kasih bang Romo Syafi‚Äôi dan Ketua KAHMI telah membantu membebaskan ibu Himma.,21946.png
22200,1,16-Apr-18,Dedi Mulyadi Menghamili Siswi Mts,"Bupati Purwakarta yang kini menjadi Calon Wakil Gubernur Jawa Barat, Dedi Mulyadi pernah membantah informasi yang mengatakan dirinya menghamili siswi Mts. Yang sebenarnya terjadi kata Dedi adalah Ia menjadi saksi nikah dari seorang anak tokoh masyarakat Sumedang yang tengah hamil dengan yang menghamilinya.",22200.png
22521,1,21-Feb-18,"DI TUDUH CURI MEDALI MILIK BAMBANG PAMUNGKAS, MUHAMMAD YUSUF BUKA SUARA","Mantan Ketua Umum Jakmania, Larico Ranggamone : ‚ÄúSoal yang ramai medali Bepe hilang ditunjukkan kepada M Yusuf ini, itu medali palsu didapat dari tantenya dari PSSI. Itu beda dari medali yang didapat tim Persija,‚Äù.",22521.jpg
22603,1,31-Jan-18,Malam Nanti Jam 3:25 Pagi Bulan Akan Mengelilingi Kabah,"Malam nanti jam 3:25 pagi bulan akan mengelilingi Ka‚Äôbah dan langit akan berwarna biru muda, inilah sa‚Äôat penerima‚Äôan doa,taubat,munajat,ini‚Äã *terjadi setiap 100 ribu tahun sekali,
 *Hari ini di malam hari siapa pun yang berdo‚Äôa akan diterima. Bulan akan melakukan Tawaaf di sekitar Ka‚Äôbah.
 Tolong sampaikan ini kepada semua orang. *Rabbi minkulli zambi wa‚Äôatubu illiahi.. , jika kamu mengirim doa ini ke temanmu, Allah akan menyelesaikan semua masalahmu.
 Tolong kirimkan ini ke Setiap orang dekat Kita sehingga mereka bisa mengetahui .. ..
 semoga bermanfaat Aamiin",22603.png
22935,1,30-Nov-17,PENDAFTARAN PESERTA UJI NYALI MASIH DUNIA LAIN TRANS 7 DI PABRIK MERCON,"PENDAFTARAN PESERTA ACARA UJI NYALI ‚ÄúMASIH DUNIA LAIN‚Äù TELEVISI TRANS 7 :
Buat para spookiers yang pengen ikutan uji nyali, langsung kirim data melalui email, data yang perlu diisi adalah;
Nama :
Umur :
Alamat :
Pekerjaan :
Motivasi ikut uji nyali :
No Telp :",22935.png
23098,1,9-Nov-17,"Kartu SIM XL, Indosat, Smarfren, dan Telkomsel Disadap Badan Intelijen AS","Kemenkominfo melalui Badan Regulasi Telekomunikasi Indonesia (BRTI) menyatakan telah menerima laporan investigasi operator seluler terkait dugaan penyadapan pada kartu SIM buatan Gemalto ( Hutchinson 3, XL Axiata, Indosat, Telkomsel) oleh badan intelijen AS, National Security Agency (NSA) dan Government Communication Headquarter (GCHQ).",23098.jpg
23171,1,23-Oct-17,Rombongan Anies-Sandi Ditilang dan Tak Miliki Izin Patwal di Puncak Bogor,Rombongan Anies-Sandi Ditilang dan Tak Miliki Izin Patwal di Puncak Bogor,23171.jpg
23339,1,16-Sep-17,Foto John Kei yang Sudah Disunting,"Bismillah,
 Hari ini team Mualaf Center Darussalam diwakili Harsha Agousta Brahma Sadewa dan ibu Jenderal Lisze Dewi Purnamawati berangkat ke LP. Batu Nusakambangan Cilacap memastikan niat John Kei masuk Islam..
 Sebelum memutuskan masuk Islam John Kei alias John Refra pemuda asal Tutrean, Pulau Kei pernah di juluki sebagai Godfather of Jakarta..",23339.jpg
23390,0,22-Aug-17,Pengoperasionalan Kereta Bandara,"Buat teman2 yang ada kunjungan ke Jakarta, sejak 17 Agustus 2017 sudah ada transportasi kereta api dari bandara Soekarno-Hatta..?",23390.jpg
23414,0,18-Jul-17,Tusuk Gigi Sebarkan HIV AIDS,Tusuk Gigi Sebarkan HIV AIDS,23414.jpg
23451,1,25-May-17,Pelaku Bom Kampung Melayu adalah Anggota Polisi,Pelaku Bom Kampung Melayu adalah Anggota Polisi,23451.png
23618,1,5-Mar-17,: Pembubabaran Pengajian Ustad Khalid Basalamah Oleh Banser NU,Pembubabaran Pengajian Ustad Khalid Basalamah Oleh Banser NU,23618.jpg
23913,1,6-Jan-17,Foto Helikopter-Tank Pertama di Dunia Buatan Turki dan Pakistan,Foto Helikopter-Tank Pertama di Dunia Buatan Turki dan Pakistan,23913.jpg
23982,1,19-Dec-16,Es Krim Merek AICE Bosnya Orang Cina dan Bahannya Kimia Semua,"Siang tadi sy mampir di distributor es krim merk _*Aice*_ yg sedang marak penetrasi bisnisnya yg terletak di selatan tugu lilin makam haji, melihat banyak spanduk bertulisan china iseng2 sy tanya penjaga counter yg didepan pinggir jln, bos nya orang mana mba jakarta atau solo, dijawab : ‚Äúorang china‚Äù, lho kok tau kalau org china apa sdh pernah ketemu? Tris dia nunjuk disebuah mobil avanza putih, itu bosnya di dlm mobil itu, ngomongnya aja pake bhs china , dia asli datang dari china ..katanya. Penasaran sy tunggu si bos keluar dari mobil, betul ternyata chino!!",23982.jpg
24051,1,10-Dec-16,Video yang menunjukkan anak Muslim yang disiksa oleh Budha di Myanmar,Video yang menunjukkan anak ‚ÄòMuslim‚Äô yang disiksa oleh ‚ÄòBudha‚Äô di Myanmar,24051.png
24179,1,19-Nov-16,Foto Kerusuhan Demo Anti Trump di Amerika Serikat,Foto Kerusuhan Demo Anti Trump di Amerika Serikat,24179.jpg
24793,1,5-Aug-20,"bentrok antar ormas Gerakan Jaga Indonesia dengan FPI, LPI dan HTI di Kota Bandung pada 27 Juli 2020","Aksi demo yang tanpa tujuan di depan Gedung DPR-MPR yang di lakukan 50 orang simpatisan PDI-P di komandoi oleh Boedi Djarot dkk, yang menginjak-injak, merobek, dan membakar Poster Habib Rizieq Syihab, ternyata berbuntut panjang. Di kota bandung terjadi Bentrok antara Ormas Gerakan Jaga Indonesia ( GJI-PDI-P ) dengan Ormas-ormas Islam FPI, HTI, LPI, pembela dan penjaga Pancasila, Nkri dan Ulama. Akibatnya 7 orang anggota ormasa Gerakan Jaga Indonesia & PDI-P mati kena sabetan pedang Lasykar FPI, dari pihak HTI 1 orang mengalami luka sabetan di bahu. Bukan itu saja Bentrokan pun meluas hingga terjadi Kebakaran beberapa pertokoan yang berdekatan dengan Markas PDI-P, karena lemparan Bom Molotov. Aparat Polisi pun tidak berani ke Tkp",24793.png
25164,1,6-Jul-20,Video Kecelakaan Maut Di Air Terjun Uluk Til Belu NTT,Kecelakaan Maut Di Air Terjun Uluk Til Belu NTT,25164.jpg
25240,1,26-Jun-20,Aliran Komunis & Gerakan PKI Bangkit Lewat PDIP,"‚ÄúLebih jauh, Prijanto mengatakan, istilah petugas partai yang disampaikan Ketua Umum PDIP Megawati Soekarnoputri kepada Jokowi juga dinilai modus komunisme. Sebab, istilah petugas partai mirip dengan pekerja partai yang pernah dikatakan tokoh PKI DN Aidit.",25240.png
25358,1,11-Jun-20,Gubernur Jakarta Anies Baswedan mendapat penghargaan terbaik di seluruh dunia dalam penanganan COVID-19,GUBERNUR JAKARTA ANIES BASWEDAN MENDAPAT PENGHARGAAN TERBAIK DI SELURUH DUNIA DALAM PENANGANAN COVID-19,25358.png
25865,1,24-Apr-20,masyarakat New Zealand belajar Wudhu,"Kabar Terbaru dari NEW ZEALAND Subhanallah,,,, masyarakat New Zealand pd belajar Wudhu. Dan Kumpul di Lapangan. Mereka Mulai Belajar dan Mendalami Islam Kalau Allah Sudah Berkehendak,, ! Semua bisa terjadi. Allahu Akbar !!! Sungguh Allah Maha Pembolak Balik Hati Manusia",25865.png
25943,1,14-Apr-20,Sejumlah Polisi India Telah Tiba Di Indonesia,Kabar Terkini.. Sejumlah Polisi India Telah Tiba Di Indonesia Untuk menertibkan Masyarakat yg tdk mau tinggal di rumah..Siapkan Pantat dan Minyak Gosok.,25943.png
26079,1,1-Apr-20,Pasukan Tentara Membantu Melawan Virus Corona di New York,Military vehicles arrived in Manhattan.NEW YORK WUHAN CORONAVIRUS,26079.jpg
26194,1,22-Mar-20,Video KELUYURAN DILUAR RUMAH? DI MALAYSIA DITEMBAK API PAKAI DRONE,"KELUYURAN DILUAR RUMAH‚Ä¶??
 DI MALAYSIA DITEMBAK API PAKAI DRONE‚Ä¶.",26194.png
26269,1,17-Mar-20,"Antisipasi Corona, Seluruh BUMN DKI Ditutup","ANTISIPASI CORONA, SELURUH BUMN DKI DITUTUP",26269.png
26790,1,26-Dec-19,Jokowi Halal Dilengserkan,Manusia yg gk punya nilai dn kuwalitas gk pantas mnjdi apapun di negeri ini..,26790.png
26832,1,18-Dec-19,"Sandiwara Dagelan koplax, di perskusi sendiri,di viralkan sendiri,di laporkan sendiri, minta maaf dan memaafkan sendiri","Sandiwara Dagelan koplax, di perskusi sendiri,di viralkan sendiri,di laporkan sendiri, minta maaf dan memaafkan sendiri? Sakit jiwa kali yang beginian ya?",26832.png
26906,1,5-Dec-19,"Beredar Surat Rekrutmen Satpol PP, Kepala Satpol PP dan Damkar Sintang Angkat Bicara","Kepala Satpol PP dan Damkar, Martin Nandung: ‚ÄúGak jelas sumber dan tidak ada penanggungjawab. Ndak ada cap dan tanda tangan,",26906.png
27177,1,9-Oct-19,Ketua KPU Imbau Masyarakat Hormati Hasil Pemilu Walau Banyak Kecurangan,"Ketua KPU Imbau Masyarakat Hormati Hasil Pemilu Walau Banyak Kecurangan,",27177.png
27287,1,23-Sep-19,Universitas Brawijaya dan UMM Bantah Liburkan Perkuliahan karena Ada Aksi Mahasiswa,"Hoaks, mbak. Kegiatan belajar normal, kegiatan kampus juga normal",27287.png
27538,1,16-Jan-17,Luthfi Abdul Hadi Meminta Maaf kepada Kiai Said Aqil Siroj,"Akhirnya Gus Ipul wakil Gubernur jatim turun tangan menyelesaikan FITNAH yg di tuduhkan kepada ketum PBNU PROF DR KH Said Aqil Siroj.
 Semoga para tukang fitnah tidak kejang2 ‚Ä¶",27538.jpg
27606,1,23-Jul-19,Asosiasi Guru Bahasa dan Sastra Indonesia Kecam Anies Baswedan,Asosiasi Guru Bahasa dan Sastra Indonesia Kecam Anies Baswedan Lihai Tata Kata untuk Bodohi Warga Jakarta,27606.png
27617,1,20-Jul-19,Khoirul Anwar Penemu 4G LTE,"Khoirul Anwar dianggap gila. Ditertawakan. Bahkan dicemooh. Idenya dianggap muskil. Tak masuk akal. Semua ilmuwan yang berkumpul di Hokkaido, Jepang, itu menganggap pemikiran yang dipresentasikan itu tak berguna. ‚Ä¶",27617.png
27940,1,19-May-19,Syukuran Jokowi 2 p,"Syukuran Jokowi 2 p,, tnp kamera ,bawa bekal sendiri, kompak,, salam Jokowi",27940.png
27969,1,13-May-19,Video Polisi Tembak Saksi Saat Rekap Pleno KPU,Polisi menembak saksi yang tidak trima rekap pleno KPU,27969.jpg
28265,0,28-Mar-19,Penjelasan KPU Gowa terkait Baliho Surat Suara yang Tidak Mencantumkan Foto Capres-Cawapres Prabowo-Sandi,"Hari ini
Pemasangan baliho contoh surat suara Pilpres 
oleh KPU
Di Kec Bontonompo Kab Gowa
Mana foto capres cawapres 02?
Luar Biasa KPU Gowa
Kalian sudah mencederai demokrasi",28265.jpg
28353,1,15-Mar-19,Masukan Persatuan Tunanetra Indonesia Terkait Braile Surat Suara di Jakarta 80% Salah Semua,"Info dari Pertuni

Ini masukan aja tadi dari Pertuni (persatuan tunanetra Indonesia) yg di Jkt ngecek surat suara yg braile ke KPU ternyata hampir 80% salah semua",28353.jpg
29408,0,25-Sep-18,Kementan Bantah Siluet Wajah yang Ada Dibungkus Plastik Bertuliskan Beras Segar dan Toko Tani Indonesia ialah Presiden Jokowi,"‚ÄúGambar atau foto yang tertera pada kemasan beras Toko Tani Indonesia adalah bukan foto Presiden RI Bapak Jokowi. Itu foto model staf Kementan di Biro Umum dan Pengadaan Kementan, Mas Agus Faizal,‚Äù kata Kepala Biro Humas dan Informasi Publik Kementan, Kuntoro Boga Andri, Selasa (25/9).",29408.jpg
29684,0,15-Agu-18,Dinkes Aceh Membantah Atas Isu Pelajar Lumpuh Setelah Vaksin MR,"‚ÄúItu secara kebetulan. Tidak berhubungan dengan imunisasi. Ini penyakit sendiri bukan efek dari vaksin MR,‚Äù ujarnya.",29684.jpg
29960,1,3-Jul-18,Hasil Scanning Port Bolong,"KPU harusnya punya server sendiri. Ini bawa2 ITB, Moratel.. Gimana pemilu berikutnya‚Ä¶",29960.png
29986,1,29-Jun-18,REKRUTMEN PT PINDAD,Sehubungan dengan rekrutmen calon karyawan pada pt pindad untuk wilayah kerja meliputi Region Sulawesi,29986.png
29994,0,29-Jun-18,: Maradona Bantah Kabar Dirinya Meninggal Usai Laga Argentina vs Nigeria Pada Piala Dunia 2018,: Maradona Bantah Kabar Dirinya Meninggal Usai Laga Argentina vs Nigeria Pada Piala Dunia 2018,29994.jpg
30503,1,23-Mar-18,"Mark Zuckerberg, CEO Facebook, Menemukan Kata BFF","Test FB tmn2 disini‚Ä¶‚Ä¶
 
 Mark Zuckerberg, CEO Facebook, menemukan kata BFF, untuk memastikan akun anda aman di facebook. Ketik Bff di komentar,
 Jika terlihat hijau, akun anda dilindungi.
 Jika tidak muncul dalam warna hijau, ubah kata sandi anda segera karena mungkin diretas oleh seseorang.
 # Copied",30503.png
30622,0,4-Mar-18,Penjelasan Terkait Berita Muslim Cyber Army yang Tidak Sesuai Standar,"Berdasarkan peninjauan internal redaksi, ditemukan fakta bahwa editor terburu-buru dalam mengunggah artikel tersebut. Sehingga, mengabaikan standar yang ditentukan terutama terkait dengan cover bothside. Termasuk, untuk selektif dalam mencari narasumber karena telah menjadikan akun anonim sebagai rujukan utama.",30622.png
30669,0,27-Feb-18,"Teror Kiai di Ponpes Kediri Hoax, Ini Cerita Sebenarnya","Teror Kiai di Ponpes Kediri Hoax, Ini Cerita Sebenarnya",30669.png
30763,0,8-Feb-18,Penganiayaan Ulama di Bogor,"Utk Kesekian kalinya terjadi Penganiayaan thdp Ulama2 di JaBar‚Ä¶üòñüò¢
 Hr ini Ulama Bogor, Ust.sulaiman dibacok orang gila di bogor‚Ä¶üò§
 Umat ISLAM Rapatkan Barisan.. Always Waspada‚Ä¶üí™üèªüí™üèªüí™üèª
 #Waspada
 #SaveUlama
 #HasbunallahWanimalWakiiil‚Ä¶üôèüò≠",30763.png
30842,0,26-Jan-18,Bahaya Makan Rambutan Sambil Minum Teh Manis Sebabkan Penyumbatan Saluran Pernapasan,Bahaya Makan Rambutan Sambil Minum Teh Manis Sebabkan Penyumbatan Saluran Pernapasan,30842.jpg
31136,1,30-Nov-17,Jalan Slamet Riyadi Kota Solo Tergenang Banjir,"Wali Kota Solo FX Hadi Rudyatmo geram dengan informasi hoax terkait banjir di Jalan Slamet Riyadi, Solo.",31136.jpg
31199,1,21-Nov-17,Mahalnya Biaya Sekolah Pelayaran,"3 Tahun sekolah pelayaran
Udah bayarnya mahal setiap hari dididik militer sakit hati sakit badan.‚Äù.",31199.jpg
32397,1,5-Nov-16,Video Peserta Aksi 411 Merusak Toko,Sisa Video Pendemo yang menjarah warung di Jakarta 4 November semalam. Di share biar tahu kelakuannya!,32397.jpg
32586,1,26-Mar-16,51% Saham Taxi Express Sudah Dimiliki oleh Sandiaga Uno,Kepemilikan 51% saham Taxi Express oleh pengusaha dan bakal cagub Sandiaga Uno,32586.jpg
32644,1,11-Dec-15,Mesin Mobil Sering Mati Di Atas Rel Kereta Api,"[‚Ä¶] MENGAPA MESIN MOBIL SERING MATI DI ATAS PERLINTASAN REL KERETA API
 
 Org awam terkadang mengira hal ini di sbbkan krn perlintasan tsb angker/kurang sajen dan kemenyan/ada demit dll",32644.jpg
32721,0,22-Oct-15,Indonesia Gagal Wujudkan Swasembada Pangan,Pemerintah rencana impor beras 1 juta ton = Indonesia gagal swasembada,32721.png
33205,1,19-Jul-20,Media Tidak Menyiarkan Demo RUU HIP,Masih kah percaya dengan TV‚Ä¶tidak ada satupunmedia TV menyiarkan Demo tolak UU HIP‚Ä¶‚Ä¶ .terutama orang desa yang jauh dari jangkauan mereka hanya percaya sama TV. Padahal TV sudah di boking rezim yang berkuasa‚Ä¶ayo rakyat bukakan mata dan pikiran..ISU COVID 19. Hanya pengalihan‚Ä¶ini bentuk pembodohan SDM..,33205.jpg
33428,1,26-Jun-20,PEMBAKAR BENDERA PDI-P TERNYATA ADALAH ANGGOTA SIMPATISAN PDI-P SENDIRI,"Bawa sendiri, Bakar sendiri, Lapor sendiri. Memang Pki tukang Nyusup Licik. Pengalihan tolak RUU HIP-Pki. Kpd Umat Kristiani jgn terhasut Pki yg suka Fitnah & adu domba. Apalagi mendukung & membela Pki. Itu dosa besar, karena Pki tdk percaya Yesus Kristus & agama.Pki & antek2-nya serta pendukung tempatnya adalah Kerak Neraka.",33428.png
33476,1,21-Jun-20,Minggu 21 Juni 2020 Baim Wong Rilis Hadiah Buat 500 Orang Pemenang,"Minggu, 21 Juni 2020 BUAT 500 ORANG PEMENANG Rilis Hadiah!",33476.jpg
33589,1,8-Jun-20,Panggilan Seleksi Rekrutmen Pertamina Tanggal 7-8 Juni 2020,"Surat bernomor 20198/HRD/PT Pertamina Persero/VI/2020 perihal panggilan seleksi rekrutmen karyawan (i). Dalam surat disebutkan lokasi seleksi rekrutmen di Gedung Perwira 2 Lantai 1 Jl. Medan Merdeka Timur 1A, Jakarta Pusat.",33589.jpg
34190,1,9-Apr-20,Tidak ada sama sekali Ucapan bela sungkawa Presiden kepada dr dan team medis yg berguguran dimedan Covid-19,Mana Ucapan bela sungkawa Presiden kepada dr dan team medis yg berguguran dimedan Covid-19. Tidak ada sama sekali.,34190.png
34219,1,5-Apr-20,Video Gereja minta di azankan corona ga aktif bila di dengarkan azan,Gereja minta di azankan..mrk yakin krn berdasarkan riset corona ga aktif bila di dengarkan azan atau Alquran.Mashaallah.,34219.png
34294,1,30-Mar-20,Video In America there has been looting everywhere for fear of the corona virus,In America there has been looting everywhere for fear of the corona virus,34294.png
34315,1,28-Mar-20,Pelintiran Konteks Foto APD Hasil Ekspor Korea bertulisan Made Indonesia,"BUATAN INDONESIA, PABRIKNYA KORSEL, SALESNYA TIONGKOK, PEMBELINYA INDONESIA üòÇ Mumet endasku üòá
 Dalam foto itu, dus terlihat tulisan merek APD. Selain itu, ada tulisan Korea dibawahnya, lalu tulisan berbahasa Inggris yang menunjukkan jumlah dalam satu dus dan warna APD, serta nomor seri. Yang menarik, di bagian bawah terdapat tulisan ‚ÄòMade in Indonesia‚Äô.",34315.jpg
34480,0,16-Mar-20,Update Status Terkait Penutupan Beberapa Destinasi Wisata di DIY,"Kita sudah komunikasikan dengan Kementerian BUMN dan sesuai dengan ajakan Presiden Jokowi, bahwa TWC akan berlakukan penutupan bagi pengunjung,",34480.png
34508,1,14-Mar-20,Satu pasien virus corona dr Badau otw dirujuk ke rumah sakit rujukan Sintang,"Selamat sore kwn2,
 barusan dpt info dr kwn yg kerja di RS sintang bahwa ada satu pasien virus corona dr Badau saat ini sdg otw dirujuk ke rumah sakit rujukan Sintang, utk kita waspada klu ada yang berkunjung ke RS Anang klupa pakai masker",34508.png
34642,1,19-Feb-20,Cikarang Siaga 3 Virus Corona Karena Sudah 3 Orang Meninggal di Meikarta,"ikarang siaga 3 dengan virus Corona ada kabar untuk daerah Lippo sudah ada yg terserang viirus Corona 3 orang dan meninggal dunia namun kita belum nyelidiki ke TKP‚Ä¶dan himbauan untuk warga CIKARANG dan sekitarnya untuk hari ini dan seterusnya WAJIB MEMAKAI MASKER agar tidak terkena virus Corona‚Ä¶.pusat virus Corona ada di sebuah perusahaan besar MEIKARTA, dan sampai saat ini pemerintah blm menindak tegas,, bahkan tdi pagi ada aksi dari para habib seBEKASI meminta pemerintah membasmi virus Corona di BEKASI",34642.jpg
34698,1,12-Feb-20,"Video Mata juling Akibat main game ular yg lgi trending skrang, hati Gaeeees","Akibat main game ular‚Äù yg lgi trending skrang, hati‚Äù Gaeeees",34698.png
35185,1,21-Nov-19,"Judul Artikel Percuma Dilaporkan, PDIP Sebut Sukmawati Tidak Bisa Ditahan Karena Dia Orang Kuat","Artikel tamparan-news[dot]blogspot[dot]com menampilkan artikel dengan judul Percuma Dilaporkan, PDIP Sebut Sukmawati Tidak Bisa Ditahan Karena Dia Orang ‚ÄúKuat‚Äù yang di awal artikel ditulis {MERDEKAIND}.",35185.jpg
35355,1,13-Oct-19,Maskapai penebangan Turki melarikan diri dari tabrakan yang direncanakan oleh teroris dengan tanker bahan bakar,Maskapai penebangan Turki melarikan diri dari tabrakan yang direncanakan oleh teroris dengan tanker bahan bakar. Keahlian pilot dan keputusan yang diambilnya dalam sepersekian detik menyelamatkan 380 penumpang. Ini disebut mukjizat. Teroris dan Khilafah harus out dari NKRI,35355.png
35678,1,22-Aug-19,royalty 8 ribu rupiah setiap WA,"Bila anda berikhlas hati utk menghilangkan penderitaan anak ini mohon video ini diteruskan kpd siapa saja karena anak ini akan mendapat royalty 8 ribu rupiah setiap WA yg anda kurim. Terimakasih, semoga anda mendapat pahala. Aamiin YRA",35678.png
35778,1,24-Jul-19,"Artikel Liputan6.com : Rhoma Irama: Saya Yang Salah, Dulu Saya Bilang Jangan Sentuh Miras Walau Setetes.. Dia Malah Nyabu","Saya Yang Salah, Dulu Saya Bilang Jangan Sentuh Miras Walau Setetes.. Dia Malah Nyabu",35778.png
36229,1,2-May-19,Menpora Imam Nahrawi Mundur Dari Jabatannya,"INFO

Dari sebelah",36229.jpg
36276,0,25-Apr-19,Klarifikasi KPU Terkait Pernyataan Ustaz Haikal Hassan Mengenai 13 Juta Pemilih yang Gila,"Mohon maaf, pak @haikal_hassan. Pemilih ‚Äúgila‚Äù itu hoax. Yg benar, sesuai Putusan MK 135/2015 adalah pemilih dg ‚Äúgangguan jiwa/ingatan‚Äù. Gila hanya salah satu jenisnya. Lagipula angkanya juga hoax. Dulu 14 juta. Sekarang didiskon jadi 13 juta. Yg benar hanya 54.295. Demikian",36276.png
36328,0,22-Apr-19,15 Kotak Suara DPRD Jambi Dibakar OTK,"Berita Pagi ini di TV One, Berhubung 02 unggul di Jambi, Kardus KPU dibakar Oleh oknum untuk menghilangkan bukti C1
Sekarang sudah pahamkan kenapa kotak suara dari kardus?",36328.jpg
36472,1,25-Mar-19,Metro TV Memberitakan Penyerang Senator Australia Ternyata Pengagum Jokowi,"Apa- apa semua di klaim sm metro tv neh‚Ä¶
Kenal saja kagak ngomong pengagum. Urat malu nya dah putus mereka.
Besok, ganti candi borobudur, menara Eiffel, bahkan air terjun Niagara bakal di klaim si Jae yang bangun",36472.png
36677,1,23-Feb-19,SBY suruh coblos nomor 01 @Jokowi Amin,"Waduh pak SBY kok gitu sih, suruh coblos nomor 01 @Jokowi Amin.
 
 Kasihan kan pak, ada yang akan punah.
 
 #OrangBaikPilihJokowi
 
 #JokowiLagi
 
 #01_IndonesiaMaju‚Äù.",36677.png
36731,1,12-Feb-19,Foto Gajah Menolong Anak Singa Dengan Belalainya.,"Seekor singa melintasi sabana bersama anak nya. Krn panas terik , anaknya nyaris tdk bisa berjalan. ",36731.png
37577,1,29-Sep-18,White Koffie Berbahaya Karena Kandungannya Mudah Terbakar,"‚ÄúWaduh ini kopi kesukaan ku üò∞üò∞
 ni stok kopi ku baru beli
 Jadi takut minumnya üò£üò£‚Äù",37577.jpg
37589,1,28-Sep-18,A Zambian student in China was beaten to death,"""A Zambian student in china has been killed by chinese Nationals for dating a Chinese woman‚Äù",37589.jpg
37755,1,3-Sep-18,: Surat Panggilan Wawancara Calon Pegawai Bank Indonesia,Belum lama ini beredar di media sosial surat edaran yang mengatasnamakan Bank Indonesia (BI) yang berisi panggilan wawancara calon pegawai BI dapat dipastikan hoaks.,37755.jpg
37757,1,3-Sep-18,Lapangan Mustika Ratu di Bekasi Dijadikan Tempat Acara Dalam Poster Undangan #2019GantiPresiden,"Poster yang beredar di media sosial, Relawan Nasional #2019GantiPresiden Kabupaten Bekasi berencana menggelar deklarasi di Lapangan Mustika Ratu, Cibuntu, Kecamatan Cibitung pada Minggu (9/9/2018).",37757.jpg
37904,1,12-Agu-18,Bu Mega aja setuju PKI bangkit masak kalian enggak?,Subahanallah ‚Ä¶‚Äô Astagfirullah HalAzim‚Ä¶‚Äô Allah Hu Akbar‚Ä¶3 X‚Ä¶! Sudah Begitu Sadis nya Cara Berpikir Politik PDIP untuk Negri ini‚Ä¶???,37904.png
37905,0,12-Agu-18,Indo Barometer Bantah Buat Hasil Survei Pilpres 2019 antara Jokowi dan Prabowo,"‚ÄúSecara tegas Indo Barometer menyatakan meme hasil survei Pilpres 2019 tersebut hoax alias tidak benar. Kami dari Indo Barometer mengklarifikasi, bahwa data tersebut tidak benar dan bukan bersumber dari Indo Barometer,‚Äù ujar Direktur Eksekutif Indo Barometer, M. Qodari, Minggu (12/8).",37905.png
38203,1,26-Jun-18,Valid! Jokowi Menjual Indonesia,JOKOWI MENJUAL INDONESIA*,38203.png
38429,0,8-May-18,Tulisan #2019gantipresiden di Struk Pembayaran Ayam Geprek Eskom,"[‚Ä¶]Kami klarifikasi sekali lagi,Tulisan #2019gantipresiden merupakan inisiatif oknum karyawan yg punya hak di mesin kasir,bukan dr pihak owner.[‚Ä¶]",38429.png
38474,1,30-Apr-18,Selebaran Kupon Bazaar Beras Murah Bergambar Wajah Charles Honoris dari Kader PDIP Perjuangan,"Masuk ke Monas tangan di stempel, logo Kristusnya paling menonjol, ada kupon dari Charles honoris (Kader PDIP/Caleg dapil DKI 3)‚Ä¶hahhaha bilang aja lu mo menipu, Dasar Kodok Bangkong !!!!",38474.jpg
38576,0,17-Apr-18,: LSF Mengklarifikasi Terkait Pemotongan 7 Menit Durasi Film Avengers Infinity War,LSF Mengklarifikasi Terkait Pemotongan 7 Menit Durasi Film Avengers Infinity War,38576.png
39528,0,29-Oct-17,"Yang Nangkap Polisi Kamboja, yang Ribut Netizen Indonesia","Yang Nangkap Polisi Kamboja, yang Ribut Netizen Indonesia",39528.png
39813,0,4-Jul-17,: Baliho Red Army di Kota Malang Adalah Simbol Kebangkitan PKI,"Red Army itu kalau orang melihat itu kan identik dengan komunis. Identik dengan satuan di Uni Soviet, di Vietnam maupun di China",39813.jpg
40379,1,16-Dec-16,Pelatihan Masjid Cyber Army di Masjid Baitul Ihsan Bank Indonesia,"Hadirilah Pelatihan MASJID CYBER ARMY yang akan diadakan pada:
 Sabtu, 31 Desember 2016
 Jam 08.00 s/d 17.00
 Tempat : Masjid Baitul Ihsan Bank Indonesia, Jakarta Pusat",40379.jpg
40609,1,18-Oct-16,PERNYATAAN GUBERNUR PAPUA YANG SEBUT BELA AHOK,GUBERNUR PAPU Lukas Enembe : ‚ÄúKalau non muslim tidak boleh jadi gubernur DKI atau Presiden Indonesia maka biarkan Papua melanesia merdeka.,40609.jpg
40671,1,24-Jul-16,"ABSEN DI ACARA HARI ANAK NASIONAL, JOKOWI PILIH HADIRI SILATNAS RELAWAN","Ketidakhadiran Presiden Joko Widodo (Jokowi) pada puncak peringatan Hari Anak Nasional (HAN) 2016 di Mataram, NTB, hari ini Sabtu (23/7), menimbulkan kekecewaan anak-anak yang datang dari berbagai provinsi.",40671.jpg
41138,1,8-Aug-20,"Video BERITA TERBARU HARI INI ~ SRI MULYANI SUDAH TIDAK SANGGUP LANJUT, SERAHKAN TUGASNYA KE RIZAL RAMLI","BERITA TERBARU HARI INI ~ SRI MULYANI SUDAH TIDAK SANGGUP LANJUT, SERAHKAN TUGASNYA KE RIZAL RAMLI",41138.jpg
41158,1,7-Aug-20,Pesan Berantai Sebuah peringatan !! Sekarang ada yang baru dan sedang terjadi. Orang datang dari pintu ke pintu dan membagikan masker,"Sekarang ada yang baru dan sedang terjadi. Orang datang dari pintu ke pintu dan membagikan masker. Mereka mengatakan: ‚ÄúIni ada pembagian masker dari pemerintah‚Äù. ( Hal itu tidak benar) Mereka meminta Anda mengenakan masker untuk difoto/ dilihat apakah masker tersebut cocok untuk Anda. ( Sebagai laporan klo masker sudah sampai alamat ) masker yg sudah diberi bius, lalu mereka merampok !! Tolong jangan ambil masker dari orang asing. Ingat, teman-teman, ini adalah waktu yang kritis, orang-orang putus asa, tingkat kejahatan meningkat selama periode Covid-19. Harap berhati-hati !!! setidaknya informasi ini mungkin bisa berguna dan bermanfaat, mohon maaf bila ada salah kataüôèüôèüôèWaspada waspada lah pada siapapun yg kita belum mengenalnya ..",41158.jpg
41437,1,16-Jul-20,Beberapa RSUD Di Jakarta dan Depok Ditutup Karena Karyawan Positif Covid-19,Assalamualaikum wr wb Temen2 spesialis‚Ä¶.Just Info‚Ä¶Beberapa rumah sakit terpaksa ditutup karena karyawan positif,41437.jpg
41551,1,6-Jul-20,WNA Diangkat Menjadi Direksi di BUMN,INFO BUMN Warga Negara Australia bernama Antonius Reiner Haryanto diangkat menjadi Direktur Transformasi Bisnis Holding Rumah Sakit BUMN Pertamedika. Ini pertama kalinya Warga Negara Asing menjadi Direksi di BUMN Indonesia. Mohon bantu sebarkan info ini. #TolakWnaJadiDireksiBumn,41551.jpg
41685,1,18-Jun-20,sakitnya apa di diagnosa nya covid,Kebusukan RS Bokap gw sakitnya apa di diagnosa nya covid Intinya yg meninggal di RS langsung di vonis covid Angka kematian covid yg meningkat mungkin bukan karena covid melaikan data asal dari RS,41685.png
41729,1,13-Jun-20,Miscaptioned Wolfpack Photo,"A lesson in Wolfpack leadership‚Ä¶ The 3 wolves in front are old & sick, they walk in front to set the pace of the running group lest they get left behind. The next 5 wolves are the strongest & best, they are tasked to protect the front side if there is an attack. The pack in the middle are always protected from any attack. The 5 behind them are also among the strongest & best; they are tasked to protect the back side if there is an attack. The last one is the LEADER. He ensures that no one is left behind. He keeps the pack unified and on the same path. He is always ready to run in any direction to protect & serves as the ‚Äòbodyguard‚Äô to the entire group",41729.png
41846,1,29-May-20,"Disebut Banyak Jamur dan Barang Kadaluwarsa, Warga  Diimbau Tak ke Mal",Buat temen2 yg aku sayangi‚Ä¶ Saya hanya meng ingat kan saja ya ‚Ä¶ nanti kalau mal2 dlm waktu dekat ini akan di buka kembali ‚Ä¶ tolong jangan ke mall dulu ya ‚Ä¶. krn pd saat mall di tutup banyak brg2 rusak dan yg berjamur ‚Ä¶. mengerikan .,41846.png
42021,1,13-May-20,Vaksin pertama kali dibuat di bawah kekhalifahan Ottoman. Tahun 1717,"Vaksin pertama kali dibuat di bawah kekhalifahan Ottoman. Tahun 1717, Lady Mary Montagu istri dubes British di Istanbul, menulis surat kepada beberapa temannya bahwa di Istanbul ada sesuatu ‚Äúyang disebut vaksinasi‚Äù dalam mengobati orang cacar di Istanbul.Lady Mary menceritakan bahwa perempuan dan anak-anak dikumpulkan lalu di lengan mereka dibuat semacam goresan. Setelah itu diberi sesuatu dan mereka akan mengalami demam ringan, selanjunya akan menjadi imun. Surat ini adalah dokumentasi tertua menyangkut produksi dan pemakaian vaksin. Surat-surat tersebut tertanggal 1 April 1717.Edward Jenner yang disebut penemu vaksin cacar (smallpox) melakukan penelitian tahun 1798. Edward menemukan teori dan tehniknya, namun belum memproduksi vaksin. Sedang Louis Pasteur (1822-1895), pembuat vaksin rabies dan antrax, ketika hendak membuat studi produksi vaksinnya, dia kehabisan uang. Dia lalu menulis surat kepada Sultan Abdul Hamid II. Sultan lalu menyetujui dengan syarat laboratoriumnya dipindah ke Istanbul. Pasteur menolak syarat tsb. Sultan lalu meminta agar 3 dokter Ottoman dijadikan asisten dalam penelitian yang kemudian diterima oleh Pasteur. Sultan kemudian mengirim bantuan 10.000 lira Ottoman dan memberi Pasteur penghargaan medali Order of Medjidie (1st Class). Tahun 1885, vaksin rabies dibuat lalu dibawa ke Istanbul awal Januari 1887. Vaksin rabies pertama kali diproduksi di Istanbul.",42021.png
42191,1,29-Apr-20,Profesor Dr Tasuku Honjo mengatakan bahwa virus korona itu tidak alami. Cina telah membuatnya,"Profesor Fisiologi Kedokteran Jepang, Profesor Dr Tasuku Honjo, menciptakan sensasi di depan media hari ini dengan mengatakan bahwa virus korona itu tidak alami.Jika itu alami, itu tidak akan mempengaruhi seluruh dunia seperti ini. Karena, sesuai sifatnya, suhu berbeda di berbagai negara. Jika itu alami, itu akan berdampak buruk hanya pada negara-negara yang memiliki suhu yang sama dengan Cina.",42191.png
42706,1,13-Mar-20,"jangan ke Kokas dulu ya, mall di lockdown karena salah satu staff diatas ada yang suspect Covid-19","OMD Indonesia, Office Tower 33rd Floor Unit H, Jl. Casablanca Raya Kav. 88, Jakarta Selatan 12870. jangan ke Kokas dulu ya, mall di lockdown karena salah satu staff diatas ada yang suspect Covid-19,",42706.png
42719,1,12-Mar-20,minuman beralkohol bisa mengurangi risiko infeksi dari novel coronavirus; COVID-19,"Setelah penelitian yang luas, temuan kami menunjukkan bahwa mengonsumsi minuman beralkohol dapat membantu mengurangi risiko infeksi oleh coronavirus baru; COVID-19. Vodka paling direkomendasikan untuk minum, membersihkan, dan membersihkan.",42719.png
42748,1,10-Mar-20,"Foto Anak Durhaka berubah menjadi Buaya di Gunung Picung, Kecamatan Tenjolaya, Kabupaten Bogor","Warga Bogor belakangan dihebohkan dengan kasus anak yang dikutuk ibunya. Anak itu dikutuk jadi batu oleh sang ibu di Gunung Picung, Kabupaten Bogor. Banyak pihak yang bertanya-tanya tentang kebenaran berita tersebut. Sebab, berita anak berubah jadi batu berkembang cepat melalui media sosial Facebook",42748.png
43573,1,8-Oct-19,Keren yah.Mobil SITAAN.Masih bisa keluar.Maha Benar Lembaga Tersuci,Keren yah.Mobil SITAAN.Masih bisa keluar.Maha Benar Lembaga Tersuci,43573.png
43913,1,8-Aug-19,Foto Pekerja SUTET Setelah Peristiwa Mati Listrik Jakarta-Jabar-Banten,Sabar ya‚Ä¶. Mrk tengah berusaha benerin,43913.png
43977,1,24-Jul-19,OKTOBER 2019 PRABOWO-SANDI DILANTIK,"Jkw menang di pilpres 2019 tapi gak otomatis bisa dilantik. _*Kenapa?*_
 Karena *Pasal 6 UUD 1945* mengharuskan agar pemenang pilpres harus menang di 50% wilayah provinsi dan tidak boleh ada suara di wilayah provinsi yang di bawah 20 persen.",43977.png
44167,1,24-Jun-19,Ada penampakan Jin mata sipit di belakang hakim MK,"Ada penampakan Jin mata sipit di belakang hakim MK .
Saya kira editan tapi ternyata asli lihat di video @fuadbakh.
Jangan2 cina2 taipan intervensi MK.",44167.png
44891,1,16-Feb-19,Ahok Gantikan Maruf Amin?,Ahok Gantikan Ma‚Äôruf Amin?,44891.png
45093,1,20-Jan-19,Tusuk Gigi dan Kunyit Pendeteksi Borax,"Simbol KB 2JARI di daerah Bantul projotamansari dipaksa tutup terpal. Setdaah‚Ä¶udeh kronis amat ame 2JARI, tuh patung kaga salah ape2 lo blongsongi pake terpal kaya buah nangka. Paraah coyy‚Ä¶",45093.png
45795,0,25-Sep-18,Polri Minta Kominfo Blokir Situs SkandalSandiaga.com,"‚ÄúKita sudah komunikasi dengan Kemenkominfo untuk memblokir situs tersebut ya,‚Äù kata Kabid Humas Polda Metro Jaya, Kombes Argo Yuwono, Selasa (25/9).",45795.jpg
46050,1,20-Agu-18,"Penculikan Anak di Kusan Hilir, Kabupaten Tanah Bumbu, Kalimantan Selatan",TERJADI DI DS. BATUAH & DS.,46050.jpg
46719,0,24-Apr-18,Video Jokowi Bagi-Bagi Duit 2016 Dipelintir,"Dari penelusuran yang dilakukan Jawa Pos, video itu sebenarnya sudah lama. Sejak 2016 sudah beredar di media sosial.",46719.png
46869,1,27-Mar-18,Siap-siap Konsumsi Garam Impor dari China,‚ÄúSiap-siap komsumsi garam impor dari china,46869.png
47263,1,18-Jan-18,BAHAYA MEMBERI UCAPAN SELAMAT DENGAN .GIF DI WHATSAPP,Info sangat penting,47263.jpg
47470,1,9-Dec-17,Lowongan Kerja Garuda Indonesia,"PT. Garuda Indonesia (Persero) Tbk. mengundang Anda yang menarik, muda dan enerjik untuk bergabung bersama kami sebagai Pramugari Udara, serta dapatkan kesenangan berkeliling dunia dan memperkenalkan keramahan Indonesia.
JIKA BERMINAT SILAHKAN KIRIMKAN SURAT DAN CV LAMARAN VIA EMAIL KE: Recruitment@garuda-Indonesia.asia
Kisaran Gaji Rp. 4.500.000 sampai Rp. 19.500.000
Tergantung Posisi",47470.jpg
47485,1,8-Dec-17,Rakyat Vietnam Usir Ribuan Warga Cina,"Kapan di negeri ini? Maukah kita kalah dari rakyat Vietnam, Filipina, dan Malaysia. Bahkan, di Hongkong, China diusir. Apakah kita tetap mau jadi jongos, budak, dan manusia-manusia terjajah?",47485.jpg
47620,1,16-Nov-17,Ridwan Kamil akan Ditinggal Pemilih Religius pada Pilgub Jabar karena Mendukung LGBT,"Dukung LGBT, Ridwan Kamil siap Ditinggal Pemilih Relegius Pada PILKADA JAWA BARAT‚Äù",47620.jpg
47636,0,16-Nov-17,Ketika Emosi Dominasi Politik,"Ketika Emosi Dominasi Politik

",47636.png
47875,0,27-Sep-17,"Bahasa Jepang Ike Dikonotasikan sebagai kata Komunis, Sipit, PKI dan LGBT","Awas! Untuk orang tua yang memiliki putra dan putri yang sudah remaja dan beranjak dewasa, bekali dan bentengi putra-putri Anda denga ilmu Agama jika tidak ingin putar-putri Anda terjerumus ke dalam jurang kehancuran yang salah satunya adalah ‚ÄúIKEH-IKEH‚Äù‚Ä¶
 Colek KOMUNIS
 Hmmm matanya sipit‚Ä¶!!!!!",47875.jpg
48121,0,12-Apr-17,"Anies Kalah, Muslim Marah, Siap Revolusi","Tanpa rekam jejak yang bagus‚Ä¶
 Tanpa program yang nyata‚Ä¶
 Isu SARA lah yang jadi ujung tombak kampanye‚Ä¶
 Dan‚Ä¶
 TAK SIAP KALAH pulak‚Ä¶.",48121.jpg
48399,1,25-Jan-17,Klarifikasi Penyebar Berita Detikcom Hoax,MEDIA ONLINE ( MEDIA DARING ),48399.jpg
48435,1,17-Jan-17,: FPI Bubarkan Pengobatan Gratis DPP PDI Perjuangan di Tambora,"Pasangan calon Gubernur dan Wakil Gubernur DKI Basuki-Djarot kembali menghadapi tindak kekerasan ketika melakukan kampanye. Kali ini dilakukan oleh sekelompok orang yang menggunakan atribut dan bendera keagamaan tertentu (beberapa diantaranya menggunakan topi bertuliskan FPI) menghentikan dengan paksa bhakti sosiaL berupa pengobatan gratis massal yang dilakukan Baguna (Badan Penanggulangan Bencana) DPP PDI Perjuangan di Kelurahan Jembatan Besi, Kecamatan Tambora, Minggu tanggal 15 Januari 2017.",48435.jpg
48758,1,18-Nov-16,: Logo Bank Indonesia Pecahan Seratus Ribu Terdapat Pada Bendera Tentara Komunis,Logo Bank Indonesia Pecahan Seratus Ribu Terdapat Pada Bendera Tentara Komunis,48758.jpg
48981,1,3-Mar-16,Biskuit Crispy Crackers diklaim mengandung lilin karena mudah terbakar,(berupa vidio yang menjelaskan jika biskuit crispy crackers mengandung lilin karena sangat mudah terbakar),48981.jpg
49087,1,30-Oct-15,Rokok Marlboro Berisi Ganja,Produsen rokok Phillip Morris mulai menjual jenis rokok yang menggandung ganja atau marijuana. Produk ini dipasarkan dengan jenis ‚ÄúMARLBORO M‚Äù dan tersedia di outlet khusus yang berlisensi di negara bagian Colorado dan Wshington DC.,49087.jpg
49462,1,29-Jul-20,5G antenna in your mask,5G antenna inside of your masks,49462.png
49858,1,22-Jun-20,PKS menolak apa bersandiwara?,PKS menolak apa bersandiwara?,49858.png
49902,1,16-Jun-20,Di Jerman tiba2 terdapat *awan hitam tedengar suara adzan sedangkan lingkungan sekitar tdk ada masjid,"Di Jerman secara tiba2 terdapat *awan hitam dan tedengar suara orang adzan, sedangkan lingkungan sekitar tdk ada masjid‚Ä¶ Orang2 yg kebetulan lewat di lokasi itu semuanya nonton sambil mengambil gambar awan dan merekam suara adzan tsb‚Ä¶ Silahkan saksikan‚Ä¶",49902.png
49915,1,15-Jun-20,"Di film kapten amerika, capten steve bangun pada masa modern dan kamu bisa lihat virus corona","Di fi kapten amerika, capten steve bangun pada masa modern dan kamu bisa lihat virus corona Repost @marvel2k19__ ‚Ä¢ ‚Ä¢ ‚Ä¢ ‚Ä¢ ‚Ä¢ ‚Ä¢ Follow me for more #anthonymackie #sebastianstan #wyattrussell #zemo #disneyplus #thefalconandthewintersoldier #thanosdidnothingwrong #blackpanther2 #avengers #endgame #infinitywar #chrisevans #chrishemsworth #captainamerica #thor #falconandthewintersoldier #hawkeye #infintywar #marvelindonesia #marvelindo #konspirasi",49915.png
50152,1,18-May-20,Katanya jaga jarak mutusin matarantai eh kok konser malah rame dan doi datang lagi,Katanya jaga jarak mutusin matarantai eh kok konser malah rame dan doi datang lagi Aduh..piye iki piye toh‚Ä¶,50152.png
50576,1,8-Apr-20,Menag Izinkan Masjid Gelar Salat Tarawih Saat Pandemi Covid-19,"Menteri Agama Fahrur Rozi mengizinkan masjid2 untuk melaksanakan sholat tarawih, buka puasa bersama dll di bulan Ramadan tahun ini dengan tetap menjaga kebersihan dan kewaspadaan.‚Äù",50576.jpg
50766,1,23-Mar-20,Pasar-Pasar Tradisional di Tanjung Karang & Teluk Betung Mulai Besok Ada yang Tutup 3 Hari SD 5 Hari,"Utuk saudara‚Äù yg mau beli
 
 obat/ vitamin utk persediaan d
 
 rumah,,,,belilah sekarang,karna stok
 
 obat vitamin yg lg dibutuhkan saat
 
 ini stoknya sdh menipis,, Distributor
 
 Farmasi obat‚Äùan & Expedisi byk yg
 
 diliburkan.
 
 Beberapa Pasar‚Äù Tradisional d
 
 Tjk.Karang & Teluk Betung mulai
 
 besok ada yg tutup 3hr SD 5hr
 
 karna mau d Semprot/Disterilisasi,
 
 dr pemerintah,,,, Jadi yg mau beli
 
 Sayur‚Äùan belilah sekarang,,,‚Äù",50766.jpg
50920,1,12-Mar-20,Area Kantor Nokia di Menara Mulia Dibersihkan Setelah Ada Karyawan Meninggal,"Area kantor Nokia di Menara Mulia besok dibersihkan setelah ada karyawan Nokia di lt.4 tiba-tiba meninggal Senin kemarin, masuk RS tgl 7 Maret dan meninggal tgl 9 Maret dengan kondisi demam dan muntah. Suspect awal typus seperti suspect awal kasus corona 1 & 2 di depok. Lucunya, teman-teman se-cubical almarhum tiba-tiba demam semua juga üò¢",50920.jpg
51471,1,8-Dec-19,ISTANA MERESMIKAN BAHWA PKI DIPERBOLEHKAN DI INDONESIA,Istana Meresmikan PKI Diperbolehkan di Indonesia,51471.png
51678,1,26-Oct-19,Razia Indomie di Taiwan,"Ini adalah Siaran Berita Malam sebuah TV di Taiwan. Menyampaikan berita, bahwa INDOMIE INDONESIA TERDITEKSI MENGANDUNG BAHAN PENGAWET YANG DIPAKAI UNTUK KOSMETIK, JUGA BAHAN LAIN YANG AKAN MERUSAK MAAG DAN HATI, SERTA SUDAH DIPERINTAH DITURUNKAN DARI RAK PENJUALAN DI SEMUA TOKO DI SELURUH KOTA YANG ADA YANG MENJUAL INDOMIE.",51678.png
51699,1,21-Oct-19,Polisi Mengamankan Mobil Berisi Bahan Peledak Saat Pelantikan Presiden dan Wakil Presiden,"Halo‚Ä¶ @tempodotco & LSM HAM masih mau bilang: pengamanan pelantikan presiden, LEBAY? Aparat mendapatkan mobil dengan no polisi palsu berisikan bahan peledak.",51699.png
51856,1,25-Sep-19,mahasiswa usir para penumpang gelap ini,Ayo teman-teman mahasiswa usir para penumpang gelap ini dari barisan kalian!,51856.png
51873,1,23-Sep-19,Artikel Jokowi Sebut China Akan Bantu Padamkan Kebakaran Hutan di Indonesia,Departemen Pemadam Kebakaran RRC (China) bersiap membantu saudara dekatnya yaitu Indonesia memadamkan kebakaran hutan untuk mengurangi kabut asap.,51873.png
51884,1,20-Sep-19,"Padahal Baru 35 Menit Lalu di Riau, Tiba-Tiba Sekarang Sudah Di Jakarta","Padahal 35 menit yg lalu meninjau kebakaran hutan dan lahan di Riau, tapi tiba-tiba sekarang sudah di Jakarta. Apakah semua ini HOAX?",51884.png
52423,1,11-Jun-19,Posko Perlawanan Kebangkitan PKI di Glodok,POSKO PERLAWANAN KEBANGKITAN PKI DI DAERAH GLODOK,52423.png
52685,1,23-Apr-19,Ketua KPU 2014 Husni Kamil Mayatnya Penuh Bercak Darah,Cek tangkapan layar,52685.png
52896,1,20-Mar-19,"Jembatan di Palembang Dipenuhi Pendukung Jokowi, Saking Penuhnya Seperti Tumpukan Pasir","Masya Allah‚Ä¶.
Seperti tumpukan pasir‚Ä¶‚Ä¶
Palembang Jokowi lagi‚Ä¶‚Ä¶.",52896.png
53060,1,23-Feb-19,Rakyat Cina Sudah Mendatangi KPU Surabaya untuk Daftar Sebagai DPT Pemilu,"Mereka Sudah Mulai Beraksi Datangi KPU Boooooss‚Ä¶‚Ä¶..
 Foto Ini Diambil Di Gedung KPU Daerah Surabaya Jawa Timur.
 Tampak Rakyat China Sudah Mendatangi KPU Untuk Daftar Sebagai DPT Pemilu.",53060.png
53879,1,09-Okt-18,Tak Benar Kwik Kian Gie Meninggal Dunia,Kwik Kian Gie,53879.jpg
54060,1,15-Sep-18,jelas jelas manusia ini pro PKI,"‚ÄúManusia ini yg kmrn pasang tagar tetap pancasila‚Ä¶prettt!
 Jelas Prabowolah yg lbh pancasilais krn tdk pernah miring ke kiri (komunis) dan tdk jg miring ke kanan (isis, wahabi dll). Hanya cebong dungu yg msh mau ikutin kegiatannya‚Ä¶krn jelas jelas manusia ini pro PKI‚Äù",54060.jpg
54451,0,17-Jul-18,BKD Provinsi Papua Tidak Pernah Janjikan Jatah Penerimaan CPNS 2018,Saya dan staf di BKD Papua tidak pernah meminta uang untuk menjanjikan jatah dalam penerimaan CPNS.,54451.png
54482,1,11-Jul-18,14 TNI diselundupkan ke tanah Arab,SAVE PALESTINA,54482.png
54490,1,11-Jul-18,Penangkapan Tuyul di Desa Karangejo Blitar,"Sing rumongso kelangan tuyul ndang reneo, inbok/ wa,08595321669388 timbang tak sikso.",54490.jpg
54602,1,25-Jun-18,Ternyata Sebenarnya Mereka Tentara Cina yang Nyamar,Di Halim Perdanakusuma ditangkap TKA Tiongkok dlm proyek kereta api cepat Bdg- JKT.,54602.png
54760,1,16-May-18,Penyusup di GPIB Maranatha Bandung,"Kapolrestabes Bandung, Kombes Pol Hendro Pandowo mengatakan berita terkait adanya salah satu terduga teroris di wilayah hukum Polrestabes Bandung merupakan berita hoax. ‚ÄúIya itu hoax, kemungkinan dia adalah jemaat baru,‚Äù kata Hendro, Selasa (15/5).",54760.png
55282,1,22-Feb-18,"Dilaporkan ke Polisi karena Hate Speech, Pendiri Seword.com Anggap Salah Alamat","Terakhir, ada sebuah artikel yang menyingkat nama gubernur dan wakil gubernur terpilih DKI Jakarta Anies Baswedan dan Sandiaga Uno dengan sebutan ASU, bahasa Jawa dari kata ‚Äòanjing‚Äô. Artikel tersebut juga disertai ilustrasi gambar anjing yang tengah menyalak.
 ‚Ä¶
 Alif mengaku dirinya sebagai pihak manajemen Seword.com sudah menegur penulis konten. Ia juga meminta berita yang dimaksud diubah atau dihapus. Saat ini, tulisan yang dimaksud memang sudah tidak bisa diakses.",55282.jpg
55491,0,11-Jan-18,: Penerapan Sistem Ganjil Genap di Tol Cikampek,rencana membatasi kendaraan berdasarkan pelat nomor ganjil-genap di Tol Jakarta-Cikampek akan diuji coba pada Selasa (22/8/2017). Uji coba sistem tersebut hanya dilakukan pada pagi hari.,55491.jpg
55714,0,30-Nov-17,Pemerintah dengan asik duduk dikursi diskusi dan bilang...,"Bantu #Viraklan lagi ya sob !!! Kita Rakyat Indonesia Harus Tau mereka yg Rakus2 Dunia lagi lagi #MenindasWongCilik.
Sakit Hati ini melihat saudara2 kita diperlakukan seperti itu oleh penguasa Rakus. Mreka seblumnya hidup damai sbgai petani, tapi lihat saat ini, tak ada kedamaian lagi disana. ????",55714.png
56096,1,21-Sep-17,"The un, OIC, world human rights organization have become blind..","‡¶ú‡¶æ‡¶§‡¶ø ‡¶∏‡¶Ç‡¶ò,‡¶ì‡¶Ü‡¶á‡¶∏‡¶ø,‡¶¨‡¶ø‡¶∂‡ßç‡¶¨ ‡¶Æ‡¶æ‡¶®‡¶¨‡¶æ‡¶ß‡¶ø‡¶ï‡¶æ‡¶∞ ‡¶∏‡¶Ç‡¶∏‡ßç‡¶•‡¶æ ‡¶§‡ßã‡¶∞‡¶æ ‡¶ï‡¶ø ‡¶Ö‡¶®‡ßç‡¶ß ‡¶π‡ßü‡ßá ‡¶ó‡ßá‡¶õ‡¶ø‡¶∏..‡¶¶‡ßá‡¶ñ ‡¶ï‡¶ø‡¶≠‡¶æ‡¶¨‡ßá ‡¶Æ‡¶æ‡ßü‡¶æ‡¶®‡¶Æ‡¶æ‡¶∞‡ßá ‡¶Æ‡ßÅ‡¶∏‡¶≤‡¶ø‡¶Æ ‡¶®‡¶ø‡¶ß‡¶® ‡¶ö‡¶≤‡¶õ‡ßá..‡¶§‡ßã‡¶∞‡¶æ ‡¶Ö‡¶Ç ‡¶∏‡¶æ‡¶Ç ‡¶∏‡ßÇ‡¶ö‡¶ø‡¶ï‡ßá ‡¶Ü‡¶∞‡ßá‡¶ï‡¶ñ‡¶æ‡¶® ‡¶®‡ßã‡¶≠‡ßá‡¶≤ ‡¶¶‡ßá!! ‡¶ò‡ßÅ‡¶Æ‡¶ø‡ßü‡ßá ‡¶•‡¶æ‡¶ï ‡¶¶‡ßÅ‡¶®‡¶ø‡ßü‡¶æ‡¶∞ ‡¶∏‡¶¨ ‡¶Æ‡ßÅ‡¶∏‡¶≤‡¶ø‡¶Æ!!‚Äù, English translated version: ‚ÄúThe un, OIC, world human rights organization have become blind.. see how the Muslims are going to kill Myanmar.. You Aung San the!! Sleep all the Muslims in the world!!‚Äù",56096.png
56707,1,1-Jan-17,Pelaku Pembunuhan Pulo Mas Ridwan Sitorus alias Ius Pane Ditangkap di Medan,"Ridwan alias Ius Pane, DPO Perampokan Pulomas Ditangkap di Medan",56707.jpg
57163,1,20-Mar-16,Fenomena Equinox Bikin Suhu Jadi 40 Derajat Celcius di Indonesia,"Teman2 yb, sekedar menginformasikan saja, karena fenomena Equinox yang akan mempengaruhi Malaysia, Singapura dan Indonesia di 5 hr ke depan. Disarankan utk tinggal di dalam rumah atau diruang kerja terutama dari jam 12:00-15:00 setiap hari.",57163.png
57372,1,21-Aug-20,Foto Jokowi Mengukur Baju Karya Desainer Ivan Gunawan,"Contoh Pemimpin Merakyat Tapi Hati Buat KONGLOMERAT.
 
 Lagi Ngukur Baju Gaesss Biar Kelihatan Merakyat, Buat Hadiri DEKLARASI KITA Dan JURI DANGDUT AKADEMI INDOSIARüòÇüòÇ
 Karya Desainer Terkenal Ivan Gunawan.",57372.jpg
57800,1,18-Jul-20,Instruksi Gubernur DKI Jakarta Penilangan Untuk yang Tidak Bermasker Melalui Pikobar,Yth.Seluruh Anggota Grup Sesuai Instruksi Gubernur DKI Jakarta Hasil Rapat Tim Gugus Tugas Covid 19 DKI Jakarta sbb:,57800.jpg
57806,1,16-Jul-20,Pendukung Fanatik Jokowi Meninggal Setelah Berjalan 15 Kilometer,Kpd teman2 Banser & para cebong. Cepatlah Tobat sblm ajal datang mendadak seperti ini.,57806.png
57915,1,7-Jul-20,Breaking News: Megawati Mengundurkan Diri Dari Ketua Umum PDIP,"Disaat_umat_ISLAM_lagi_gencar_menyerang_Moncong_Putih,_tiba-tiba_Megawati_mengundurkan_diri_dari_Ketua_Umum_PDIP‚Ä¶ Ada ya dengan mbak mega‚Ä¶",57915.png
58025,1,25-Jun-20,Ruslan Buton Dipecat dari TNI karena Tolak TKA China,"Jadi Ruslan itu pada 2017, dia tangkap TKA China yang di Maluku Utara, orang China bawa visa turis bekerja di perusahaan pertambangan. Nggak usah ku kasih tau lah PT-nya. Dia tangkap karena dia komandan di daerah sana,",58025.png
58201,1,3-Jun-20,Geoge Floyd tewas ditembak,"Geoge Floyd, pemuda kulit hitam tewas ditembak Polisi di Amerika. Polisi membantahnya. Lalu rekaman CCTV beredar. Sontak seluruh Amerika rusuh. Kalau di Plnet Yours ‚Äúyang mesti ditangkap itu yg men-share video CCTV nya itu‚Ä¶‚Äù. Ya, kan‚Ä¶?",58201.png
58268,1,25-May-20,kadus dihakimi warga sampai babak belur akibat pembagian sembako corona tidak tepat sasaran,"Kepala dusun bagi sembako dihajar massa karena dia pili kasi,‚Äù dan ‚ÄúSeorang KADUS (kepala dusun) di hakimi warga sampai babak belur‚Ä¶akibat pembagian sembako corona tidak tepat sasaran‚Ä¶",58268.png
58329,1,18-May-20,Wapres Tidak Masalah Konser Di Bulan Ramadhan Malah Anda Ikut Nonton& Ikut Berdonasi Pahalanya Melebihi Berpuasa,"Ini Menari Di Atas Luka Rakyat Mbah Amin Di Lockdown Rakyat Patuh,Rakyat Suruh Di Rumah Saja Rakyat Nurut,Di Suruh Ndak Mudik Rakyatpun Nurut,Di Suruh Ibadah Di Rumah Jg Nurut,Lha Ini Bertajuk Konser Tanggal 23 mei Tapi Sebenarnya Mereka Merayakan ULTAH PKI Yg ke 100. Saya Mbah 7 turunan ndak Sudi Nonton Dan Berdonasi Di Konser Ultah PKI Ke 100.",58329.png
58678,1,19-Apr-20,Foto Italia telah Gagal Sepenuhnya COVID-19,"Perdana Menteri Italia berkata : Penjagaan kami sudah tiada. Penyakit ini terus membunuh kami. Segala Penyembuhan di Dunia, Sudah Tamat. ‚Ä¶",58678.png
58725,1,13-Apr-20,Pesan Berantai PT MOSI Tawarkan Rapid Test Kit COVID-19,"Dear bapak/ibu dalam masa pandemic ini, kami PT Mutiara Optima Sinergi Indonesia (MOSI) ingin menyampaikan, bahwa PT MOSI saat ini bekerja sama dengan beberapa BUMN untuk mendatangkan Rapid Test kit Covid-19 uangvakan tersedia dalam 2 minggu kedepan.",58725.jpg
58794,1,6-Apr-20,Puncak Persebaran Virus Corona 4 April Hingga 18 April 2020,"Dari 4 April hingga 18 April kita harus menjaga diri kita sendiri, karena kita akan berada di puncak penyebaran virus dalam dua minggu. Biasanya dalam dua minggu itu semua yang terinfeksi akan muncul.",58794.jpg
58824,1,3-Apr-20,jakarta menjadi daerah paling banyak terinfeksi virus covid-19 karena salah pilih gubernur,"jakarta menjadi daerah paling banyak terinfeksi virus covid-19 karena salah pilih gubernur,",58824.png
59048,1,16-Mar-20,Alkohol Bisa Membunuh Coronavirus Covid-19,"‚ÄúWowww ‚Ä¶Ayooo ‚Ä¶ terus Budaya dari leluhur minuman Cap Tikus harus ditiadakan ‚Ä¶ ??? Mikir dulu apa ‚Ä¶ !!! Peace ‚Ä¶ Note : Selengkapnya untuk info ini saya dapat dari mana bisa langsung ke Facebook saya ya .
 Terima kasih .‚Äù
 
 Di gambar itu, terdapat logo CNN, juga narasi ‚ÄúAlcohol kill coronavirus‚Äù",59048.png
59142,1,5-Mar-20,Foto Kabah sepi dari yang Thawaf karena Virus Corona,"Astaghfirullah haladzhim.
 Salah satu tanda kiamat adalah bila sudah tidak ada lagi yg Thawaf mengelilingi Ka‚Äôbah. Dulu kita mungkin pernah berpikir, ‚Äúmasa sih, Ka‚Äôbah sepi dari yang Thawaf.‚Äù Tapi kini, seiring waktu, kejadian demi kejadian, akhirnya kita bisa mengerti dan memahami, bahwa hanya dengan satu kasus saja yaitu: virus corona yang berasal dari Wuhan-China, pemerintah Arab Saudi menutup pintu masuk bandaranya untuk seluruh negara yang terinfeksi dengan virus corona, termasuk pada jamaah yang akan malaksanakan ibadah umroh",59142.png
59352,1,27-Jan-20,Air Rebusan Bawang Putih Menyembuhkan Virus Corona,"Ini bawang puti yg besar ambil 8 biji, dikupas kulitnya ditaruh mangkok di tuang 7 gelas air mendidih selama 3 menit setelah itu di minum langsung 2 gelas ,ternyata pasien yg kena Virus Corona sembuh di hari kedua/setelah malam minum air bawang putih ini!!!!!",59352.png
59482,1,5-Jan-20,Pelintiran Judul Berita Dokter Minta Wapres Maruf Amin Beristirahat,"‚ÄúKira kira penggantinya siapa yaa..‚Äù
  ‚Äúdrama yg sudah diprediksi dari sejak lama‚Äù",59482.png
59501,1,3-Jan-20,Penyanyi Henny Purwonegoro Meninggal Dunia,"BERITA DUKA. Henny Purwonegoro* penyanyi thn 1970/80‚Ä¶., telah meninggal dunia. Pada hari ini 28/12-19 jam 17:05 waktu singapore.Semoga amal2nya diterima Tuhan Yang Maha Esa. Aamiin‚Äú",59501.jpg
59914,1,15-Oct-19,Jembatan darurat dibangun dalam waktu 24 jam di Jepang,Jembatan darurat yg dibangun dlm waktu 24 jam akibat jalan tertutup oleh tanah longsor setelah terjadi angin topan di Jepang bbrp hari ini. 24 jam saudara-saudara!,59914.png
60067,1,22-Sep-19,Israel melarang nelayan Palestina melaut,Israel melarang nelayan Palestina melaut tapi Allah mengirimkan ikan ke pantai Palestina..‚òù.. Maha benar Allah dengan segala firman Ya,60067.png
60125,1,11-Sep-19,Maklumat Majelis Rakyat Papua agar seluruh mahasiswa Papua tetap berada di kota studi untuk melanjutkan studi,"Terkait dengan perkembangan penanganan masalah rasisme yang sudah ditindaklanjuti oleh pihak kepolisian dan TNI serta rapat koordinasi tingkat provinsi, dengan ini MRP mencabut maklumat 21 Agustus 2019, nomor 05/MRP/2019. Sekaligus diserukan agar mahasiswa asal Papua yang belum kembali ke Provinsi Papua untuk melanjutkan studi di masing-masing kota studi. Sedangkan mahasiswa Papua yang terlanjut kembali ke Provinsi Papua agar segera kembali ke kota studi sebagai duta kultural orang asli Papua yang dapat hidup harmonis dengan seluruh elemen Bangsa Indonesia.",60125.png
60314,1,1-Aug-19,"Jembatan di Jalan Cemara, Medan Dikatakan Roboh",Jembatan di Cemara roboh,60314.png
60396,1,17-Jul-19,Seorang Suporter Meninggal Pada Laga Tira-Persikabo VS Persija," Tira-Persikabo VS tamunya Persija Jakarta Tumbalkan Satu Nyawa

KOMPAS News-Laga lanjutan Liga 1 2019 antara Tira-Persikabo melawan tamunya Persija Jakarta,berakhir bentrok. Dikabarkan, satu orang tewas dalam insiden tersebut.",60396.jpg
60599,1,13-Jun-19,Video Perobohan Rumah Lantaran Istri Ketahuan Selingkuh Oleh Suami,"Viral üîé #RUMAH #DIHANCURKAN

ISTRI SELINGKUH KETAHUAN SUAMI YANG PULANG MERANTAU.",60599.jpg
60686,1,22-May-19,Di shoot tv one cuma bisa bhs cina,bukan hoak tau‚Ä¶.ini nyata. Di shoot tv one cuma bisa bhs cina,60686.png
60705,1,20-May-19,Meninggalnya Serda Supran Sida Dikaitkan dengan Virus Cacar Monyet,"Innalilahi wainalillahi rojiun turut berduka cita Serda supran, semoga Khusnul khatimah dan di terima amal kebaikan nya ,, dan semoga abang2 TNI yg sedang menjaga d perbatasan, di hindarkan dari segala penyakit ,,terutama penyakit cacar monyet Krn dpt menular dan penyakit ni berasal dari negara asing..hati2 dalam bergaul dgn org luar..",60705.png
60958,1,15-Apr-19,Samsul Bahri Ketua KPPS Sydney Pro 02,"Kecurangan di pilpres di Australia.

Ternyata *KETUA KPPS SYDNEY* (Samsul Bahri) sudah jadi Australian citizen!!!

Dan dia ngurusin Pemilu Indonesia!!!!",60958.jpg
61144,1,12-Mar-19,Jeli Memperhatikan Jari Tangan Palsu,"Waspadalah

Bagi Ketua/Anggota TPS Hati2 dan Jeli Memperhatikan Jari Tangan Palsu",61144.png
61182,1,7-Mar-19,Orang Jakarta pada canggih euy,"Orang Jakarta pada canggih euy‚Ä¶.

Mainannya DRONE kapal-kapalan",61182.png
61343,1,7-Feb-19,Foto Spanduk KAMI OPTIMIS PAK JOKOWI TAK AKAN BOHONG DAN INGKAR JANJI LAGI,Auto NGAKAK!,61343.jpg
61916,1,29-Oct-18,Istri Indro Warkop Meninggal Karena Menjadi Perokok Pasif," Istrinya meninggal karena mengidap kanker paru..

Almh bukan perokok aktif..

Almh terpapar asap rokok..

Yg memicu sel2 kanker tumbuh di paru2 nya‚Ä¶",61916.jpg
62030,1,16-Oct-18,AKAN DI SAHKAN UNDANG2 LGBT & PERNIKAHAN ANTAR JENIS,BIAR RAKYAT TAU.KALO REZIM INI DI KEPEMIMPINAN YANG SEKARANG AKAN DI SAHKAN UNDANG2 LGBT & PERNIKAHAN ANTAR JENIS..LAKI NIKAH SAMA LAKI..WANITA NIKAH SAMA WANITA..MAKANYA MUSIBAH AKAN TERUS DATANG MENGHAMPIRI KITA SEMUA‚Ä¶,62030.png
62187,1,24-Sep-18,Akhirnya Najwa Shihab Dukung Prabowo-sandi,"‚ÄúAkhirnya Najwa Shihab Dukung Prabowo-sandi.
 
 Alhamdulillah Kekuatan Makin kuat.",62187.jpg
62213,1,20-Sep-18,SPANDUK YANG DI PASANG CEBONG,"‚ÄúPARA LASKAR FPI DAN WARGA MENURUNKAN SPANDUK YANG DI PASANG CEBONG DINI HARI MENJELANG IJTIMA ULAMA II
 BERTUJUAN UNTUK MENGADU DOMBA MUSLIM.HATI HATI CEBONG 90% PKI.‚Äù",62213.jpg
62232,0,17-Sep-18,Demokrat: Iklan Jokowi di Bioskop Mengganggu Hak Konsumen,Demokrat: Iklan Jokowi di Bioskop Mengganggu Hak Konsumen,62232.jpg
62323,1,4-Sep-18,: Info Rekruitmen BUMN PT Nindya Karya,"Beredar di media sosial surat panggilan seleksi calon karyawan PT Nindya Karya (Persero) yang akan diselenggarakan pada 6-7 september 2018 mendatang. Dalam surat edaran tersebut dituliskan bahwa perekrutan berlangsung di Denpasar, Bali.",62323.jpg
62404,0,23-Agu-18,MUI Ajak Masyarakat Tak Ragu untuk Vaksin MR,"MUI Pastikan Vaksin Rubela Positif Mengandung Babi dan Organ Manusia, Ini Penjelasan Resminya",62404.jpg
62447,1,16-Agu-18,BJ Habibie Mengatakan: Lawan Berat Pak PRABOWO itu bukan Jokowi,"BJ Habibie Mengatakan : ‚Äù Lawan Berat Pak PRABOWO itu bukan jokowi kalau hanya sekedar jokowi Jalan Mudah Buat Pak PRABOWO menuju Kepemimpinan periode berikutnya di 2019,",62447.png
63197,0,11-Apr-18,Setidaknya 70 tewas dalam serangan militer Afghanistan di masjid,"TAK ADA BERITA DI TV,TAK ADA SUARA HAM,TAK ADA SUARA INTOLERAN,TAK ADA SUARA HAM TAPI KAMI PUNYA ALLAH SWT",63197.png
63475,0,22-Feb-18,Ahoker dan Jokwer Akan Marah Besar Jika di Katakan PKI Bangkit Lagi,"Ahoker dan Jokwer akan marah besar jika di katakan PKI bangkit lagi‚Ä¶.!
 Wahai saudaraku‚Ä¶ Mari kita waspada..!",63475.png
64171,1,13-Oct-17,Iklan Lowongan Pekerjaan Menghamili Istri Lurah di Gorontalo Berhadiah Rp 10 Juta,Iklan Lowongan Pekerjaan Menghamili Istri Lurah di Gorontalo Berhadiah Rp 10 Juta,64171.jpg
64185,1,11-Oct-17,BPBD Bogor Peringatkan Potensi Bencana Gerakan Tanah di 22 Kecamatan,Dpt kiriman dr grup WA.. Hoax atau bukan yaa?‚Äù,64185.jpg
64210,0,4-Oct-17,"Punya Pistol FN Saja Sudah Berani Begini Kepada TNI, ...","Punya Pistol FN saja sudah berani begini kepada TNI, apa lagi sudah punya RPG, senjata anti tank, bisa2 Polisi melakukan kudeta.‚Äù",64210.jpg
64488,0,19-Apr-17,Ujaran Kebencian Untuk Etnis China Yang Mengatasnamakan Sultan Hamengkubuwono X,"Sri Sultan Hamengkubuwono : Maaf Bukan SARA, Tapi Cina Dan Keturunannya Tidak Pantas Jadi Pemimpin Di Bumi Nusantara. Fakta Sejarah, Tionghoa Adalah Satu-Satunya Penghianat Negara Kesatuan Republik Indonesia (NKRI).",64488.jpg
64867,0,7-Jan-17,MASTEL Turut Optimalkan Peran Stakeholder Sektor Telematika Dalam Melawan Penyebaran Hoax,"Masyarakat Telematika Indonesia (MASTEL) memandang momen Aksi Turn Back Hoax yang akan diselenggarakan oleh Masyarakat Anti Fitnah Indonesia (Mafindo) secara serentak di 7 Kota pada hari Minggu, 8 Januari 2017, memiliki makna yang penting. Sebab, aksi ini akan melibatkan masyarakat secara terbuka dan mengedepankan peran masyarakat sebagai pelaku sentral dalam membangun kondusivitas kehidupan bermasyarakat, berbangsa dan bernegara",64867.png
65009,1,10-Dec-16,": Ormas PAS Klarifikasi Insiden Pembubaran KKR di Sabuga, Bandung","Ormas PAS Klarifikasi Insiden Pembubaran KKR di Sabuga, Bandung",65009.jpg
65326,1,8-May-16,Foto Pengungsi Suriah,"Ini bukan adegan dlm film, tapi inilah yg berlaku di Syuriah.",65326.jpg
65554,1,23-Aug-20,Mengonsumsi Telur Rebus Saat Tengah Malam dapat Menangkal COVID-19,"Semalam di kagetkan dengan broadcast seperti ini, seketika cari TELOR trus di REBUS tapi gak jadi Hayoo siapa yang mengalami hal yang sama",65554.jpg
65574,1,21-Aug-20,Video Raja Bahrain tiba di Dubai dengan pengawal robotnya,Raja Bahrain tiba di Dubai dengan pengawal robotnya yang dilengkapi dengan kamera untuk melacak 360 derajat dan dilengkapi pistol. Teknologi bergerak sangat cepat dari sebelumnya dalam sejarah,65574.png
65704,1,10-Aug-20,Pesan Berantai Kantor Pusat PT Kawan Lama Ditutup Karena Salah Satu Direksi Meninggal dan 10 Orang Karyawan Terpapar Covid-19,"Kantor pusat Kawan Lama di Meruya, Jakarta Barat ditutup per hari ini setelah salah seorang direksi meninggal kemarin sore akibat Covid-19. Kontak erat dengan almarhum sudah diketahui 10-orang positif terpapar. Tindakan selanjutnya seluruh karyawan yang berkantor digedung tersebut akan dilakukan RT sampai PCR. Kebijakan selanjutnya menutup akses Head office ke seluruh cabang, toko dan warehouse. Jumlah karyawan di gedung tersebut 2.986 orang.",65704.jpg
66877,1,17-Apr-20,Sabam Sirait Meninggal Dunia Pada 17 April 2020,"Berita Dukacita; Telah dipanggil Bapa Di Surga Sabam Sirait, pada:",66877.jpg
67089,1,27-Mar-20,Tenaga Medis China Didatangkan Untuk Membantu Menangani Covid-19 di Indonesia,"Tim medis China diterbangkan ke Indonesia untuk membantu penanganan Virus Corona.
 mungkin saja pengalaman mereka menangani corona bisa bermanfaat.
 asalkan tdk membawa virus lagi aja. Kalo CEBONG ada yg kenak CORONA yg gak mau di sembuhkan di suntik mati aja itu.",67089.png
68111,1,15-Oct-19,Hujan batu seperti serpihan meteor menuju bumi di Purwakarta,"INALILLAHI WAINAILAIHI RAJIOUN..MARI KITA BERDOA SEMOGA TIDAK TERJADI BENCANA ALAM YANG LEBIH BESAR‚Ä¶. HUJAN BATU SEBESAR RUMAH TELAH JATUH DI PURWAKARTA, INDONESIA, SEPERTINYA SERPIHAN METEOR YANG MENUJU BUMI..MARI ISTIGHFAR DAN BERDOA KEPADA ALLAH SWT",68111.png
68171,1,3-Oct-19,Gusti Kanjeng Ratu  Condrokirono Tidak Memberikan Izin Pengunaan Area Keraton Bukan Karena Isu Sara,"(Kami) belum dapat mengabulkan permohonan menggunakan KgD Masjid Gedhe Karaton serta halaman, Ndalem Pengulon, dan Alun-alun utara sisi barat.",68171.png
68710,1,2-Jul-19,Jokowi pidato hanya satu menit jadi tertawaan orang Jepang,Pidato di pertemuan g20 jepang jokowi pidato hanya 60 detik alias satu menit jadi tertawaan orang2 jepang,68710.png
69277,1,21-Mar-19,BELUM WAKTUNYA SURAT SUARA PENCOBLOSAN SUDAH BERTEBARAN,HEBAT KECURANGAN KPU DAN REZIM PKI JOKOWI INI‚Ä¶,69277.png
69341,1,11-Mar-19,Pesawat Pribadi Prabowo Dilarang Mendarat di Bandara Syamsudin Noor Banjarmasin,Info terbaru pesawat pribadi pak prabowo tdk dapat ijin untuk mendarat di bandara samsudinnoor bjrmasin.utk menghadiri haul guru sekumpul hr ini‚Ä¶sungguh Terlalu Rezim ini..pdahal bukan utk kampanye,69341.png
